"ensembl","symbol","gene_type","baseMean","l2fc_raw","l2fc_shrunk","padj","l2fc_ref","padj_ref"
"ENSG00000002586","CD99","protein-coding",12426.5680238071,1.25358330824148,1.01507588976541,0.0528586691778304,1.6515979324,0.000214004412445551
"ENSG00000007171","NOS2","protein-coding",120.907058482228,-1.29380473236784,-1.00028883408204,0.0816110526529042,-2.21054226055,0.0087840325989035
"ENSG00000008516","MMP25","protein-coding",426.138338731432,0.702647973493427,0.40559811997486,0.502323985882454,1.60584298012,0.0171755927628728
"ENSG00000011028","MRC2","protein-coding",8975.34403828108,1.51169621528616,1.14775288607799,0.0606145585419605,2.09227610577,0.000241835534957308
"ENSG00000011201","ANOS1","protein-coding",1189.35128292642,-1.32592100508588,-1.12446681092874,0.0232105351083809,-2.32889967327,0.000567536407024138
"ENSG00000012779","ALOX5","protein-coding",85.0023204708343,1.46835804674001,0.905775844244982,0.158639786706197,5.28589366387,0.00187737625370383
"ENSG00000013725","CD6","protein-coding",12.3091013617611,1.92529229895304,1.098351962317,0.135010715840436,2.9650807121,0.0256166059324132
"ENSG00000060718","COL11A1","protein-coding",15087.6073063134,1.22658535437126,0.773231994716174,0.21864088376346,2.2152325903,3.8772138835556e-05
"ENSG00000068079","IFI35","protein-coding",141.563699178423,0.259992279713001,0.125470865096191,0.854334617050025,1.96356798881,0.0256173118985718
"ENSG00000070047","PHRF1","protein-coding",2677.59407427914,-0.599441954696267,-0.237207653169956,0.706093185857752,6.82020938032,1.0994465404805e-05
"ENSG00000072163","LIMS2","protein-coding",259.266924853558,0.393991144801112,0.19054456994949,0.76949815006517,1.933499395,0.000495069083909204
"ENSG00000076662","ICAM3","protein-coding",235.442158505877,0.679546523229362,0.568335500906082,0.174523272651108,1.88065456262,0.00582170587380039
"ENSG00000076706","MCAM","protein-coding",2292.88114922654,0.977322352102545,0.776200324006228,0.114156071784861,1.8943029549,0.000177238992330682
"ENSG00000079337","RAPGEF3","protein-coding",125.922969909212,0.661343725836434,0.35475507518938,0.564711539543963,1.74224960364,0.00950052014175238
"ENSG00000085563","ABCB1","protein-coding",106.20525790709,-0.802099590571655,-0.440555509868332,0.484300363149104,-1.88544046029,0.0101737465910077
"ENSG00000092758","COL9A3","protein-coding",876.265523556045,0.836982443856762,0.120241672192603,NA,4.57112514532,2.74209463058066e-07
"ENSG00000095383","TBC1D2","protein-coding",289.79788129904,1.1150755712375,0.773677389265644,0.183533606034084,1.71825436814,0.0207180790683265
"ENSG00000096433","ITPR3","protein-coding",998.611422763749,1.30610007322894,0.956372580592573,0.104403761224672,1.99709178369,0.0104015602280637
"ENSG00000100065","CARD10","protein-coding",251.951201689778,1.06761459522533,0.322776499343049,NA,2.5452221249,0.0314022060417528
"ENSG00000100300","TSPO","protein-coding",299.091106979575,1.05901222024593,0.633382782342154,0.295323724844248,2.01103270924,0.000185784165748431
"ENSG00000100345","MYH9","protein-coding",37594.528482594,1.75961169305434,0.779299860223695,NA,2.74126522301,0.007838349633416
"ENSG00000100558","PLEK2","protein-coding",36.7250029339251,2.20564748051976,1.57050614535015,0.0508021851575252,2.50814939212,0.0122526004233274
"ENSG00000101188","NTSR1","protein-coding",84.58630173456,1.22183563160345,0.798469499457167,0.190635228660613,1.91715646343,0.0447407322040874
"ENSG00000101438","SLC32A1","protein-coding",40.0717337965696,1.20801736206111,0.656955806816612,0.287948992199333,2.03928690394,0.0213806616447662
"ENSG00000101463","SYNDIG1","protein-coding",758.851740097243,1.37735411703794,0.957068377610229,0.120923198469515,2.52831712519,0.000173085079809644
"ENSG00000101986","ABCD1","protein-coding",846.697045459122,1.25563906729946,1.00901400295035,0.0541694994143354,1.62040400271,0.000233787692210767
"ENSG00000102172","SMS","protein-coding",6967.3169027501,-1.21149945587755,-1.10582891317064,0.00158096781958651,-1.59428026557,3.19998981580393e-05
"ENSG00000103888","CEMIP","protein-coding",617.492842325572,1.14696030983505,0.804526187883602,0.166629934998773,2.28906598824,0.00131307942491016
"ENSG00000104059","ENTREP2","protein-coding",681.537569202319,1.49350470229127,1.31352543773569,0.0045950582237623,2.1138811374,0.0098541067262243
"ENSG00000104783","KCNN4","protein-coding",31.4040694124723,3.03228866158068,0.665750234971626,0.0999828781994966,8.005972059,0.000271162903694925
"ENSG00000104825","NFKBIB","protein-coding",435.228184865403,-0.291757420895694,-0.150807914761967,0.818695898150431,2.01213591183,8.49461836129808e-05
"ENSG00000105464","GRIN2D","protein-coding",519.33178182577,1.17948205573144,0.662407025187439,0.281519927331564,2.66938306193,1.52920984970377e-05
"ENSG00000105559","PLEKHA4","protein-coding",601.154120291934,0.326248436361478,0.122776720579403,0.852599878682612,1.86658468657,0.0479513020597663
"ENSG00000106624","AEBP1","protein-coding",3913.87537467262,1.28433806766219,0.878525477325618,0.148938952174558,1.98179185245,0.000411562554792793
"ENSG00000107731","UNC5B","protein-coding",1855.81804753529,1.45080733863852,1.06784078814453,0.0812461432895466,2.20639404286,1.3948316891775e-05
"ENSG00000107821","KAZALD1","protein-coding",330.84185688593,0.928709761386267,0.673838657483246,0.216582400422467,1.62822143683,2.30863790867592e-05
"ENSG00000107831","FGF8","protein-coding",117.614447486472,1.13115762835707,0.638912742211043,0.295652602251136,2.3435720171,0.000635139770339338
"ENSG00000109625","CPZ","protein-coding",44.8622654172118,0.672953971617464,0.258268703290231,0.666566544589349,2.8223468754,0.00332772810608842
"ENSG00000110148","CCKBR","protein-coding",27.0018679882992,-1.1256782807934,-0.5571057116791,0.384941898216573,-2.59153960149,0.0194196457279522
"ENSG00000110719","TCIRG1","protein-coding",671.284736022024,0.909229753099951,0.672843091667093,0.207775561091454,2.91767960843,2.31627568712762e-05
"ENSG00000111077","TNS2","protein-coding",800.195419851401,1.30482537252425,1.06565479447636,0.0392400700880733,2.041906125,1.1079506683163e-07
"ENSG00000111199","TRPV4","protein-coding",41.5121303997022,1.3837715795829,1.02881646284179,0.0897414528735826,2.34719906256,0.00199070128098581
"ENSG00000111252","SH2B3","protein-coding",1653.55070736018,1.2555826046736,1.06096940638015,0.0253403733968607,1.8900980324,1.14549825454114e-08
"ENSG00000112559","MDFI","protein-coding",2235.49583081305,1.40175847097512,1.00122093679573,0.102695509637577,2.27582841553,1.21919844626296e-05
"ENSG00000114854","TNNC1","protein-coding",34.0715346281048,1.9436314490939,1.33785209242664,0.0672035406053656,2.37290725109,0.0122400578102191
"ENSG00000115194","SLC30A3","protein-coding",28.0474926598027,1.61744946224671,0.838372725344116,0.192877151858071,2.11530275995,0.0326869905449463
"ENSG00000118640","VAMP8","protein-coding",56.5589317184472,1.31146263422897,0.887091617475425,0.147256924989029,3.35809063941,8.00310866040253e-06
"ENSG00000120337","TNFSF18","protein-coding",1.74648143999046,2.12226221367394,0.148530716312817,NA,5.36883921918,0.0418932094194306
"ENSG00000120658","ENOX1","protein-coding",715.664791876952,0.891282925327352,0.750551336096627,0.0779208481947606,1.65289295543,1.85012175985595e-05
"ENSG00000120833","SOCS2","protein-coding",2548.22161269663,1.46539633282169,1.30931597785063,0.00264167391914709,1.88388981696,0.00501373147895761
"ENSG00000122859","NEUROG3","protein-coding",26.282759754096,1.99418474995432,1.34941623952196,0.075143277413075,2.89574027741,0.0379879558814126
"ENSG00000123342","MMP19","protein-coding",216.987638405506,0.216765064857591,0.140878799984281,0.826544986486779,1.98236225796,0.00178783992248431
"ENSG00000123989","CHPF","protein-coding",2816.21921020073,1.09748531080322,0.670192380889745,0.270818643706496,1.72635066201,0.00840229851671643
"ENSG00000125844","RRBP1","protein-coding",5876.48433813878,1.75140908269594,0.82093867670341,NA,2.5682650677,0.0201096873477616
"ENSG00000125864","BFSP1","protein-coding",136.246758689472,1.38962411447117,1.16572929724595,0.0218742129369464,1.64538312027,0.0274145578366351
"ENSG00000126709","IFI6","protein-coding",951.536576351162,0.648820045330312,0.256067903321059,0.673581165302883,2.26187045102,0.00372544674077493
"ENSG00000128016","ZFP36","protein-coding",237.764682396595,1.33617431533003,1.11145649248545,0.0276316778357787,1.80397160156,2.82774452077064e-06
"ENSG00000128274","A4GALT","protein-coding",64.3868935698801,1.79870641756414,1.21259964054476,0.0821606208487716,3.09686080505,0.000551233795953185
"ENSG00000128342","LIF","protein-coding",334.743901069256,3.62331353338553,3.09899948707487,NA,3.34123795097,0.00284728096877412
"ENSG00000130203","APOE","protein-coding",659.078493213587,0.883331690123603,0.480765895292051,0.428063171009153,1.80013126848,0.000612878991241433
"ENSG00000130513","GDF15","protein-coding",43.1203171368149,1.64936464066254,1.02909333234629,0.125471610879766,2.14417741589,0.0350504077637515
"ENSG00000130720","FIBCD1","protein-coding",70.56208225425,1.42012161489289,0.595820068207497,0.308954126127316,3.09283532892,0.00867577353238814
"ENSG00000131634","TMEM204","protein-coding",110.668720887857,0.747971947108592,0.504388476310158,0.375210091960589,1.90958847654,1.01184695221282e-05
"ENSG00000132000","PODNL1","protein-coding",82.4540269368475,-0.171147736540755,-0.0753462282950773,0.912074590877978,2.08805077213,0.0431794254558344
"ENSG00000132334","PTPRE","protein-coding",400.560091223767,1.40490857991614,1.24687311142392,0.00395654300159421,1.79071901342,0.000277578797947682
"ENSG00000132554","RGS22","protein-coding",64.4426899466788,-1.48719658840343,-1.16284834187443,0.0562893229280374,-1.95120469911,0.00165759125938671
"ENSG00000134058","CDK7","protein-coding",871.310152228173,0.306414417903615,0.212942215138123,0.722618467445718,2.24819525108,0.0104355517688295
"ENSG00000134871","COL4A2","protein-coding",34747.8968531874,0.759881751730175,0.136915173463488,0.790461056154843,2.09673870975,0.0315138853148471
"ENSG00000136014","USP44","protein-coding",649.978093349612,-1.84310746937809,-1.38866067217104,0.053560973824416,-2.38122239275,0.00862829443118587
"ENSG00000136099","PCDH8","protein-coding",1957.85368768875,1.09708596060572,0.667430359160785,0.27281468980142,2.29779027486,0.000798461436328609
"ENSG00000136830","NIBAN2","protein-coding",4876.61339503497,1.95888699268328,1.40694475947543,0.0530258624287419,2.82105166644,8.6768792957006e-05
"ENSG00000136997","MYC","protein-coding",922.452418017058,1.46070049553306,1.27067726299469,0.00745764207354885,2.0726843839,1.1855234547083e-05
"ENSG00000137462","TLR2","protein-coding",160.524603002791,-1.02408954738468,-0.674141464205876,0.272369370786103,-1.77712299976,0.0236331291226193
"ENSG00000137801","THBS1","protein-coding",7636.95757369709,1.29649731897764,0.974989120046272,0.0901881801398733,1.81592690169,0.000424456491188371
"ENSG00000137834","SMAD6","protein-coding",939.352352637998,1.23218426227047,0.901079261129179,0.118022163286353,2.26603528165,1.8210197705869e-05
"ENSG00000138080","EMILIN1","protein-coding",1450.06280852213,3.19865869918832,2.72391731283556,NA,4.5417937916,1.21751023187869e-07
"ENSG00000138166","DUSP5","protein-coding",378.926839050353,1.43042112918637,1.22105802314921,0.0133704198019413,1.51210116281,0.00131307942491016
"ENSG00000139292","LGR5","protein-coding",239.194520402437,-1.69948583372319,-1.15884027461507,0.109393455136957,-2.57376390811,0.0219652483411194
"ENSG00000140093","SERPINA10","protein-coding",21.8702089164115,-0.0536495298864201,-0.0266744182384501,0.970284464723402,6.68119248818,0.0201021069493952
"ENSG00000140470","ADAMTS17","protein-coding",118.457214448824,1.31693102322894,0.899175801132467,0.143693839865533,1.7171014805,0.0478490478676793
"ENSG00000140839","CLEC18B","protein-coding",105.349336848126,0.854192709551126,0.454988276337474,0.452965832439509,2.34822000792,0.00236050357576761
"ENSG00000140859","KIFC3","protein-coding",1128.17096583169,0.441082137396209,0.198174375502702,0.75976139950513,1.71170490683,0.0486938901547527
"ENSG00000142156","COL6A1","protein-coding",20052.0882703823,1.54552758439158,0.226058570017962,NA,3.53440348014,0.0303032607748068
"ENSG00000143507","DUSP10","protein-coding",294.091693986445,1.26247827302978,1.07262090070489,0.0226971337659634,1.66036902534,0.000765057229278322
"ENSG00000144355","DLX1","protein-coding",342.799365376548,1.40434419772949,1.24093000121696,0.00467983232238138,1.57681982593,1.61491393268405e-05
"ENSG00000144596","GRIP2","protein-coding",524.200273721378,-0.0264209317023411,-0.0198854796942176,0.972719513657547,-2.07280416025,0.00262334229148162
"ENSG00000144668","ITGA9","protein-coding",867.434816544535,1.47888688842288,1.32680755766908,0.00197028310080893,1.5689491257,3.13968228528422e-05
"ENSG00000144891","AGTR1","protein-coding",88.877816167269,-1.44839912387207,-0.89409679924827,0.1948417282853,-1.55162169685,0.0491605402247884
"ENSG00000145431","PDGFC","protein-coding",4007.97550097482,1.48568561644834,1.38137777552384,9.23445604949197e-05,1.76254520588,2.3087000957257e-05
"ENSG00000145526","CDH18","protein-coding",191.313690915054,-1.97983315472763,-1.3698671100958,0.0831409461298939,-2.07195751692,0.0104543636668287
"ENSG00000147119","CHST7","protein-coding",446.793000232502,1.48101336318144,1.01743345681188,0.109448161233818,2.11804940846,0.00903364444055273
"ENSG00000147488","ST18","protein-coding",835.292500052259,-1.22759213117199,-0.965666861101989,0.0750597292267126,-1.6362196192,0.0052731749915354
"ENSG00000147571","CRH","protein-coding",84.5992735969354,-0.830156720395637,-0.573047024114466,0.321576220587935,-2.06006005912,0.00074576122132391
"ENSG00000147889","CDKN2A","protein-coding",434.299382673996,1.76292800067524,1.2921358120907,0.0554784932795625,2.29426612059,0.00226183670821337
"ENSG00000149150","SLC43A1","protein-coding",121.309126670458,1.45426599047592,1.19867728029203,0.0257341191091125,1.78458530904,0.00315257071429333
"ENSG00000149633","KIAA1755","protein-coding",783.395415340207,1.05680969881766,0.741437649286445,0.194856273197991,1.7404836637,0.000176069352118603
"ENSG00000151067","CACNA1C","protein-coding",427.946422453739,0.976301589130225,0.815116916717947,0.0669757532485715,1.77987361132,0.000150730801671022
"ENSG00000154479","CFAP210","protein-coding",124.036027700943,-0.837092752417614,-0.625121275192934,0.242729735901655,-1.58376300314,0.00476007708969687
"ENSG00000155897","ADCY8","protein-coding",164.134821848848,1.56509339233414,0.97286417826338,0.138539835764264,2.43376195068,0.0203873782769657
"ENSG00000156113","KCNMA1","protein-coding",562.944037494638,1.37516429818991,1.08303199945762,0.0536528866152644,1.72375315938,0.0052429515156346
"ENSG00000157445","CACNA2D3","protein-coding",114.217032843449,1.44443336040881,1.29065077638104,0.00264167391914709,1.52327679982,0.00414023746560969
"ENSG00000157873","TNFRSF14","protein-coding",34.0396941335667,0.679265859194375,0.192208218864475,0.73184869732831,2.69647997439,0.0402983162761364
"ENSG00000159674","SPON2","protein-coding",597.133793950339,1.79907879746877,1.04569772015888,0.124399596824862,2.96116115489,0.000267529952035684
"ENSG00000160685","ZBTB7B","protein-coding",318.064889214233,0.211125904857286,0.0894414362971552,0.899801417477408,1.6741073953,0.0240956101533797
"ENSG00000160789","LMNA","protein-coding",6555.95596357779,1.51242074527766,0.674873125298746,0.259998944468856,2.82731826631,0.000832441359371275
"ENSG00000160801","PTH1R","protein-coding",87.095637577155,0.48177545077859,0.249484886962011,0.691195626224157,1.59570288439,0.0184451864127937
"ENSG00000160932","LY6E","protein-coding",838.959719423834,0.364220534362799,0.19836695638364,0.761129029640969,1.81833411576,1.80165991354086e-05
"ENSG00000160963","COL26A1","protein-coding",3203.28478299033,0.834748012661281,0.544501481328248,0.3510370533805,1.57938236359,0.000251409349218783
"ENSG00000162241","SLC25A45","protein-coding",30.0696644594506,1.72978683049093,0.972390087118358,0.14934883887682,2.24312005319,0.0259736731891798
"ENSG00000162520","SYNC","protein-coding",4490.29776305112,-0.344377466579995,-0.220372880260768,0.693872996153224,1.87341414153,0.000394110224071388
"ENSG00000162641","AKNAD1","protein-coding",69.2481772317933,1.76745152086299,1.28405337845958,0.0618032198428894,1.92794942117,0.0343696000188458
"ENSG00000162753","SLC9C2","protein-coding",52.3024752420562,-1.17340871188743,-0.80143337842468,0.196820866490176,-2.31252099523,0.0379879558814126
"ENSG00000162878","PKDCC","protein-coding",894.631043999553,1.09977053561704,0.986982298500583,0.00709467259809649,1.52143698614,7.20556490964993e-05
"ENSG00000163431","LMOD1","protein-coding",89.9427147266829,1.61898767993398,0.94340140624604,0.151173157075073,2.31862641573,0.00325481650522375
"ENSG00000164430","CGAS","protein-coding",314.127513488147,1.08499056409239,0.784876028400816,0.161705055674769,1.7551832475,6.63549465575842e-06
"ENSG00000164438","TLX3","protein-coding",29.0133760569519,2.73936947865556,1.41896327264253,0.0744644562601673,6.33042254324,0.00512108758946582
"ENSG00000164708","PGAM2","protein-coding",92.8947153189406,-0.739510912659046,-0.529096602073628,0.338677586559449,-3.56791334849,4.10625326696787e-07
"ENSG00000164850","GPER1","protein-coding",188.512595690976,0.739619334911641,0.516473831934261,0.351836947773014,1.9002097175,1.47607979659592e-07
"ENSG00000165246","NLGN4Y","protein-coding",158.65583267082,-0.784195601939643,-0.583816783617371,0.272540134713653,-4.4277269595,1.84754770637398e-08
"ENSG00000165694","FRMD7","protein-coding",324.168226352811,1.07839117615779,0.394088374623348,0.486736531229314,2.91232932236,0.00285072471362541
"ENSG00000165886","UBTD1","protein-coding",416.411733793713,0.845609549295526,0.412261023631168,0.49770507252787,1.93700233485,0.00258765945666973
"ENSG00000165912","PACSIN3","protein-coding",168.838053265471,1.44037747818907,0.583519902288859,0.311466568636311,2.97065553519,0.00183549170836471
"ENSG00000166106","ADAMTS15","protein-coding",490.770468649991,1.38551290399716,0.929550367005093,0.136713782305737,1.58193031394,0.0466033768523966
"ENSG00000167601","AXL","protein-coding",2709.95752307583,1.56509807668379,1.15222566559318,0.069080611187929,1.92501364572,0.00102284662446834
"ENSG00000167716","WDR81","protein-coding",632.034483236048,0.500867939988137,0.234272758384147,0.712431225987242,1.76814588677,0.048704481743017
"ENSG00000168453","HR","protein-coding",61.6775831914486,1.17879495432574,0.530707657407098,0.372516635686514,2.7203073428,0.000221440571787857
"ENSG00000168952","STXBP6","protein-coding",265.338387055117,-1.30116608513202,-0.970008951065096,0.106551591878027,-1.83247866628,0.0327265326131114
"ENSG00000169242","EFNA1","protein-coding",88.7852657193632,1.31666749565795,1.0550096004502,0.0500542240448603,1.65778485015,0.0139058384408786
"ENSG00000170485","NPAS2","protein-coding",100.008593520626,1.44587665964292,1.0985678811724,0.0654656398211923,1.50849402336,0.048704481743017
"ENSG00000170561","IRX2","protein-coding",4963.75657498019,0.903050440335585,0.805314615146501,0.021238022102748,1.56979454574,0.000380348964348298
"ENSG00000170955","CAVIN3","protein-coding",862.100397496112,1.98326034215853,1.41535417243998,0.051933740958065,2.66704334055,0.000194812489985783
"ENSG00000171094","ALK","protein-coding",1441.90469535531,1.38883651954022,1.05896568071018,0.0695707543720132,1.56095517796,0.0281661244392414
"ENSG00000171502","COL24A1","protein-coding",311.141356742005,1.29500900445178,0.970533233667939,0.0913696408284255,1.63834814192,0.0160996995895962
"ENSG00000171840","NINJ2","protein-coding",24.8247070041709,0.84813074670946,0.517597904107993,0.387223751888617,3.92923341942,0.0258008851484532
"ENSG00000172216","CEBPB","protein-coding",139.541179706068,1.4234694373629,1.03705546779379,0.0901881801398733,2.01564154601,0.00102518158907398
"ENSG00000173482","PTPRM","protein-coding",2749.6146382226,1.30085460002836,1.1601592308588,0.00432881474547433,1.71624124222,1.84324311154925e-10
"ENSG00000173546","CSPG4","protein-coding",1530.61800089634,1.47911180889276,0.963086026852604,0.134162718902357,1.9320839754,0.00749603532440729
"ENSG00000174080","CTSF","protein-coding",874.016820061804,1.22151604981444,0.973793165244226,0.0629658503477975,1.54658151857,0.00037803528329179
"ENSG00000174791","RIN1","protein-coding",208.292728072488,1.45169002453319,1.06796518140967,0.0808404814940547,1.54951782522,0.0222883263571381
"ENSG00000175040","CHST2","protein-coding",1979.73181142353,0.733897815426091,0.332995990408306,0.588357963404037,1.77250370551,0.0135906526492773
"ENSG00000175482","POLD4","protein-coding",363.705187341743,1.37736903861947,1.01294801889275,0.0901881801398733,1.58695566938,0.0154024783948613
"ENSG00000175505","CLCF1","protein-coding",100.465559897292,0.836689037058694,0.480034576567665,0.425734782656558,1.71333444439,0.0112018669500905
"ENSG00000176170","SPHK1","protein-coding",511.918888381106,0.636905782772346,0.295726653521317,0.633849093734292,2.15601879054,0.000145318943257921
"ENSG00000177108","ZDHHC22","protein-coding",301.748622163382,1.36402755872621,1.1625914403871,0.016102736044776,2.01890670928,0.0100096034690403
"ENSG00000177606","JUN","protein-coding",4548.30048066126,0.919876563052737,0.60112576038321,0.304604868038122,1.69345430261,0.00846281166950104
"ENSG00000177663","IL17RA","protein-coding",1067.89423260692,0.984562146699195,0.672259297664643,0.244328244293429,1.62011638181,0.000899690502832577
"ENSG00000178882","RFLNA","protein-coding",143.721462281807,0.671229791869951,0.383914275604912,0.52838077600116,1.67374029609,0.00340278882125488
"ENSG00000179630","LACC1","protein-coding",213.115721862605,1.22936507318361,1.07763250138697,0.0107586563599219,1.52790312207,0.000377998845133781
"ENSG00000180287","PLD5","protein-coding",135.462701032606,1.49665387284654,1.21867881361,0.0286839550342877,1.92200880982,0.00250083549102348
"ENSG00000182771","GRID1","protein-coding",224.221808298304,1.36208502233803,1.01441905879524,0.0856968861963019,1.71284144793,0.0108805438071694
"ENSG00000182871","COL18A1","protein-coding",8261.26311039073,0.63357041232183,0.202065573357327,0.730422431579942,2.61477902225,0.00103893819025118
"ENSG00000182890","GLUD2","protein-coding",315.117432355191,0.92306631202236,0.775404997052399,0.0722513260188954,1.52727729597,0.00161264703005065
"ENSG00000183087","GAS6","protein-coding",633.682085319747,0.674787734173268,0.41871330651475,0.481117086215359,1.52848891663,0.000467670062467947
"ENSG00000183153","GJD3","protein-coding",57.9443773429521,0.218256114091249,0.0872695354379667,0.900418247967662,4.84289208188,0.00434141620569959
"ENSG00000183386","FHL3","protein-coding",972.474225989139,1.42769253149797,1.25650737429496,0.00534592509858578,1.53659243925,5.25679796854639e-05
"ENSG00000183421","RIPK4","protein-coding",15.8249475964674,1.77575433140974,0.602350102957101,0.273964960345503,4.4063414513,0.0114566322714736
"ENSG00000185614","INKA1","protein-coding",33.8503175167655,1.40343431990936,1.0722207131186,0.0683381609125105,2.0833651454,0.00978953151318096
"ENSG00000185774","KCNIP4","protein-coding",446.925880046059,1.03314760129327,0.708886729494089,0.22081454133776,3.03413100268,0.000581728046608529
"ENSG00000185860","CCDC190","protein-coding",6.53408271296985,2.41561269173497,0.991580302468315,0.182434211848288,5.52549453462,0.035181239644677
"ENSG00000186867","QRFPR","protein-coding",40.3239596670263,1.10365774246378,0.759390763074478,0.19469064429262,2.04925472467,0.00564375438260368
"ENSG00000187013","LINC02875","ncRNA",38.270554433273,1.42230745761187,0.756967117625349,0.231572488094154,2.49756350121,0.03572588559921
"ENSG00000189120","SP6","protein-coding",31.1765237324454,2.5657422174378,1.36347750355531,0.0803661358142404,3.85965208889,0.00610717893063242
"ENSG00000189431","RASSF10","protein-coding",221.243830767293,0.749145651195871,0.438332283865172,0.467491296252402,1.70500010788,0.0210561637063411
"ENSG00000196498","NCOR2","protein-coding",9855.90016624623,1.27390385365774,0.748159655878015,0.231243892884212,2.01142344384,0.00478262098530011
"ENSG00000196581","AJAP1","protein-coding",363.945707768515,1.26704858630547,0.896632326693459,0.131752847852589,1.89953096535,0.0130836989249957
"ENSG00000196739","COL27A1","protein-coding",1985.12581328392,0.426918948568556,0.162846885642866,0.798356437972095,1.84942235196,0.0413990365649509
"ENSG00000196975","ANXA4","protein-coding",413.332114749434,1.30877217816932,1.16954649188708,0.00388902472893851,1.52371964076,4.54295712583918e-05
"ENSG00000197019","SERTAD1","protein-coding",213.099101986623,1.08168234708253,0.763659064315303,0.180803028397819,1.5889870172,0.00328783702413086
"ENSG00000197309","OR10D3","protein-coding",7.09215025862494,4.21202840138394,2.81108462646506,0.0695650319999408,4.98061084069,0.00209623539962805
"ENSG00000197324","LRP10","protein-coding",2996.86762253175,1.18635002693573,0.840083202936694,0.15009051497801,1.72879307373,0.0024594115831943
"ENSG00000197355","UAP1L1","protein-coding",84.8093729853839,2.14770623305287,1.10668917246791,0.109693172673781,3.80410555894,8.4332394588859e-05
"ENSG00000197849","OR8G1","protein-coding",2.50956516723708,0.376740144806489,0.0424235064743228,NA,6.03195491484,0.00700154461422207
"ENSG00000198108","CHSY3","protein-coding",638.367781239965,1.41253567668178,1.26941902991406,0.00197211270400165,1.84560838138,1.81864916088733e-08
"ENSG00000198542","ITGBL1","protein-coding",42.8924749233492,1.1897764072595,0.687551226904883,0.273280353003804,7.3401431326,0.00126019351488677
"ENSG00000198680","TUSC1","protein-coding",424.130677461611,0.848092144142885,0.545957869028146,0.3510370533805,1.72553221803,4.51725881938786e-05
"ENSG00000198768","APCDD1L","protein-coding",187.636312122488,2.08942128109374,1.22591953421197,0.0920841773397021,3.07272286241,0.00660064417418317
"ENSG00000203485","INF2","protein-coding",1565.16529279129,0.98701242179703,0.535538385767225,0.378359284285635,1.61556478197,0.0450207193822228
"ENSG00000204248","COL11A2","protein-coding",358.963342076329,-1.92025715577199,-1.14639453164399,0.143549610938647,3.65174281308,0.0488063075662159
"ENSG00000204396","VWA7","protein-coding",106.710567857605,-0.870730692419863,-0.693098587520667,0.151946535061412,-5.17156524321,0.000459644940028294
"ENSG00000204540","PSORS1C1","protein-coding",4.87520334363327,3.50731409447658,0.409571148955147,0.237785048825147,4.88478460646,0.039770682281039
"ENSG00000204866","IGFL2","protein-coding",27.8621601192211,1.22992233743117,0.569989196560931,0.343819142670976,6.3213886041,0.0048985590804417
"ENSG00000204969","PCDHA2","protein-coding",372.928624360089,-1.37658590866161,-1.25171082171554,0.00117506329368341,-2.47106821597,4.75898174699585e-11
"ENSG00000213654","GPSM3","protein-coding",371.833249539086,1.11043232333767,0.945980133320491,0.0315843361402243,5.63515238011,0.000528181654432499
"ENSG00000221869","CEBPD","protein-coding",116.719435601817,1.44758145433804,0.851238478946936,0.181619310648568,4.09652146273,3.60032121796185e-09
"ENSG00000221946","FXYD7","protein-coding",195.011807427847,1.86444930579188,1.19644233265526,0.0903806132087266,2.96978393732,0.000309410239190221
"ENSG00000223501","VPS52","protein-coding",1936.15802618704,0.413470198819258,0.333125366786621,0.481126916724506,2.78973694249,0.00170294596099885
"ENSG00000224318","CHL1-AS2","ncRNA",90.8979059832039,1.69518303984232,0.597617085746788,0.272937174445535,3.17445691316,0.0362561732125416
"ENSG00000224712","NPIPA3","protein-coding",295.332679500864,-0.111836272139935,-0.0880463684048144,0.872874046206217,6.56217799784,0.00340511136948438
"ENSG00000225383","SFTA1P","pseudo",261.541913306532,1.85640137968386,1.33459495140285,0.0574623899878109,1.72605335186,0.0320388031392567
"ENSG00000225953","SATB2-AS1","ncRNA",2.2038701581242,3.94215239755123,0.315198596929882,NA,2.8857781946,0.0145476706237102
"ENSG00000227510","LINC01442","ncRNA",10.4070017572003,2.50829203051543,1.11880325337583,0.14076715196072,5.83950948526,0.0237506310020019
"ENSG00000229647","MYOSLID","ncRNA",15.7724716691088,2.02397092979108,1.26731919132435,0.099570818659726,2.1907466131,0.0367577257150946
"ENSG00000230453","ANKRD18B","protein-coding",79.8984536563734,-1.31178319673682,-0.926658459679377,0.14098605070091,-1.94903133184,0.0421423437666547
"ENSG00000231437","LINC01750","ncRNA",35.6489917391817,1.62549332393587,1.03008453687574,0.126001821884578,2.90602499972,0.0154215935120124
"ENSG00000231528","FAM225A","ncRNA",36.0259920606492,1.34490251432977,0.879467111487743,0.163447366660113,2.30897331733,0.00114066024179087
"ENSG00000231609","EHBP1-AS1","ncRNA",280.189326333495,-0.843086539228028,-0.708778769946406,0.0944071127622965,-2.84412883256,2.24762456150385e-05
"ENSG00000231826","LINC01819","ncRNA",6.25673562179458,1.54224006406865,0.265176528284646,0.535367150659477,3.24167261651,0.0399148787174826
"ENSG00000232104","RFX3-DT","ncRNA",68.3763508068976,-1.35104406812506,-1.12364352587258,0.0305804104394112,-1.7218841675,0.000454556646318928
"ENSG00000232527","LINC02802","ncRNA",185.640512482417,0.872004728054836,0.71040818020644,0.120589185161148,1.52429833903,0.0013593940507831
"ENSG00000234394","LOC101929800","ncRNA",21.4192392701439,-2.1542588650994,-1.44622784882776,0.0836771829509815,-2.14622167351,0.0309302436395847
"ENSG00000237172","B3GNT9","protein-coding",131.910618031042,1.02706769405901,0.773292551517701,0.148240642196475,2.01927171222,0.013620643702818
"ENSG00000237819","CDK6-AS1","ncRNA",193.031917400238,1.20352373996125,1.01145064969377,0.031366398176432,2.27310689657,2.55692067849141e-07
"ENSG00000243509","TNFRSF6B","protein-coding",72.5388573041791,0.701283933334892,0.28081245613173,0.642486899624204,8.76016405433,1.39205851976522e-05
"ENSG00000244242","IFITM10","protein-coding",103.39712433855,0.789763244571182,0.513243081112604,0.376913556665541,3.12724610135,0.015915567679568
"ENSG00000246985","SOCS2-AS1","ncRNA",171.26917815474,0.722446584288968,0.419351120268116,0.486696956504616,1.57394782719,0.0093019609638973
"ENSG00000249158","PCDHA11","protein-coding",394.548050767802,-1.12008311614796,-1.01875383104545,0.00309136127929392,-2.35003854528,8.01603662384185e-21
"ENSG00000253304","TMEM200B","protein-coding",487.428252730641,0.110962778151829,0.0886499082975481,0.875920780162232,1.51294623469,0.00302611292367472
"ENSG00000253974","NRG1-IT1","ncRNA",21.0199572991171,2.21974026710257,0.34187381816545,0.345052815385192,4.35646386403,0.0393824904880553
"ENSG00000254122","PCDHGB7","protein-coding",1750.70632256247,1.25038039381632,1.15201240453379,0.00103185563598887,2.35155523846,6.21351082077203e-15
"ENSG00000256463","SALL3","protein-coding",243.075073850052,1.36548001068204,1.02977125222636,0.0775707708251997,1.77205364351,0.0067362595209955
"ENSG00000257702","LBX2-AS1","ncRNA",25.1241080143135,1.57298020406344,0.906496132894544,0.17118266279369,2.81318968481,0.0142216859125709
"ENSG00000259905","PWRN1","ncRNA",44.3744112951077,-1.26554526238247,-0.831520296430222,0.19926875719148,-1.60175197773,0.00486751552867998
"ENSG00000261175","LINC02188","ncRNA",5.45309450983143,1.48658971526395,0.367919046318919,0.472298830736112,1.88453265999,0.0120028985358558
"ENSG00000261683","LINC00838","ncRNA",9.3231953617196,2.72065899618915,0.696764999903131,0.168400040873399,6.61756216868,0.00433921956162446
"ENSG00000268812","LIF-AS2","ncRNA",14.0683014938839,1.24213978135684,0.300215122229099,0.543463284013282,5.70649120337,0.0397273033262899
"ENSG00000270617","URGCP-MRPS24","protein-coding",725.034507082577,-0.0394323716616221,-0.0312651560395193,0.955679078847473,6.57192158801,0.0029860580913845
"ENSG00000271447","MMP28","protein-coding",29.3661195832944,1.25490430571368,0.844805023276024,0.172420458670689,2.5015229395,0.0307406467353752
"ENSG00000272668","LOC107985216","ncRNA",53.9841826989037,1.29529831794183,0.759884186046014,0.22464684990482,1.85590354055,0.0394619566116454
"ENSG00000273213","H3-7","protein-coding",512.911750165356,0.295211869101958,0.231523706672537,0.65128333735356,2.61536988566,1.76296603169011e-15
"ENSG00000278771","RN7SL3","scRNA",165148.4006502,-0.502117570903192,-0.288255604919908,0.669842312626224,2.08971386719,1.0869379806671e-07
"ENSG00000279141","LINC01451","ncRNA",25.7800383762323,1.9281704168887,0.999010858616158,0.144569900804179,3.71105829222,0.0177052937439007
"ENSG00000285413","LOC105377139","ncRNA",30.6791369011012,0.883767004449806,0.332514944240257,0.568093789908752,2.5363211019,0.015169893375849
