"ID","Description","GeneRatio","BgRatio","RichFactor","FoldEnrichment","zScore","pvalue","p.adjust","qvalue","geneID","Count"
"GO:0001501","skeletal system development","76/984","298/15777",0.25503355704698,4.08908986740874,13.8846550375751,5.16869773953144e-27,2.35899364832215e-23,2.35899364832215e-23,"SFRP4/MGP/SIX2/COL19A1/CDH11/GDF10/GDF5/TBX1/HAPLN1/CNMD/RUNX2/TWIST1/MMP14/TMEM119/PTHLH/TGFB2/TGFBI/EDNRA/PDGFRA/SNAI2/DLX6/NFATC2/WNT11/ANXA2/HHIP/PTGER4/GDF6/SIX1/FOXC1/CD44/MMP13/MATN3/ACVRL1/OSR2/MIR21/ADAMTS12/TBX3/TGFBR2/RUNX3/GATA3/FBLN5/PCSK5/HOXB3/TIMP1/CCN4/RARG/LUM/OSR1/TNFRSF11B/TGFB1/COL13A1/MSX2/LRRC17/ALX4/BMP5/COL3A1/TGM2/GREM1/GDF3/LOXL2/RUNX1/SMAD7/STC1/COL1A2/DLX5/FBN1/DDR2/COL1A1/CMKLR1/BMP4/HOXB4/PITX2/MEF2C/GJA1/SULF1/NPR3",76
"GO:0030198","extracellular matrix organization","68/984","251/15777",0.270916334661355,4.34374696336605,13.772359297128,6.28356865546258e-26,1.19166523061293e-22,1.19166523061293e-22,"MMP2/COL19A1/COLEC12/MMP14/POSTN/TGFB2/SPINT1/HPSE2/MMP9/TGFBI/LAMB1/RGCC/COL12A1/LAMA2/ADAMTS2/FURIN/CTSS/SMOC2/LOX/PLAUR/CTSK/COL16A1/ZNF469/MMP13/MATN3/COL15A1/MIR21/ADAMTS12/PXDNL/MMP1/ADAMTSL1/ITGB1/PRICKLE1/LAMC1/FBLN5/STAT3/PLOD1/LUM/TGFB1/PLAU/TIMP3/ADAMTS14/COL13A1/COL3A1/ADAMTS16/TGM2/GREM1/PLOD2/CREB3L1/SPINK5/HAS2/LOXL2/RUNX1/COL1A2/FBN1/DDR2/COL1A1/FAP/MIR145/ENG/MMP7/COL4A1/CYP1B1/SULF1/PPARG/FERMT1/NID2/COL8A1",68
"GO:1901342","regulation of vasculature development","69/984","299/15777",0.230769230769231,3.7000469043152,12.156746231786,6.34471497461279e-22,5.79145582882656e-19,5.79145582882656e-19,"ECM1/TBXA2R/JCAD/SPARC/CNMD/TWIST1/KDR/HMOX1/GPNMB/TGFB2/CDH5/RGCC/FGF1/FOXC2/C3AR1/ADAM12/GATA4/RRAS/PRKCA/PLXND1/SMOC2/FOXC1/TLR3/THBS2/ETS1/MIR21/ADM/SERPINF1/ITGB1/PLK2/SEMA3E/FBLN5/STAT3/ADGRA2/ECSCR/SERPINE1/FLT1/SHC1/TGFB1/EMILIN2/KLF2/F3/TGM2/GREM1/PRKCB/CREB3L1/ZC3H12A/SPINK5/STAT1/RUNX1/AQP1/FGF18/TNMD/NRP1/DCN/APLNR/MIR145/CXCL12/KLF4/ANXA3/CYP1B1/CD40/SULF1/PPARG/TNFRSF12A/RHOJ/CXCL8/SP100/ITGA5",69
"GO:0007507","heart development","82/984","411/15777",0.199513381995134,3.19890510948905,11.649703021992,1.71830125950357e-21,1.28245711523363e-18,1.28245711523363e-18,"MMP2/ANKRD1/MICAL2/IRX4/CDH11/PDLIM1/TBX1/TWIST1/KDR/STRA6/TGFB2/NPY5R/PROX1/EDNRA/PDLIM3/FOXC2/RGS4/PDGFRA/GATA4/SNAI2/PDGFRB/POU4F1/PLXND1/TGFB3/DSP/WNT11/FGF12/SGCD/TBX18/PAX8/MSX1/FN1/FOXC1/DLC1/EGFR/ACVRL1/POU4F2/MIR21/GLI1/TBX2/SIK1/EDN1/TBX3/TGFBR2/PRICKLE1/SHH/MYOCD/GATA3/TPM1/PCSK5/INHBA/OSR1/TGFB1/MSC/MSX2/SEMA3C/BMP5/COL3A1/GREM1/RYR2/HAS2/RUNX1/SMAD7/FBN1/NRP1/APLNR/BMP4/MIR145/ENG/CASP8/NPY1R/ECE1/CARMN/PITX2/MEF2C/GJA1/VCAM1/CRIPTO/HEY2/ALPK2/FOXL1/NFATC1",82
"GO:0048729","tissue morphogenesis","75/984","353/15777",0.212464589235127,3.40655876459614,11.7937844140259,1.96695876569576e-21,1.28245711523363e-18,1.28245711523363e-18,"MMP2/ANKRD1/MICAL2/SIX2/MET/TBX1/KDR/TGFB2/PROX1/EDNRA/WNT10A/FGF1/KIF26B/GATA4/PDGFA/SNAI2/POU4F1/DSP/WNT11/TBX18/PAX8/RHBDF2/SIX1/FOXC1/DLC1/ACTG2/CD44/ACVRL1/MIR21/ADAMTS12/FOXD1/TBX2/PKHD1/TBX3/ITGB1/TGFBR2/PRICKLE1/SHH/GATA3/SEMA3E/TPM1/TCF21/OSR1/TGFB1/GDNF/ACTA2/GRHL3/BMP5/COL3A1/KRT17/GREM1/NKX2-1/RYR2/PAX2/STAT1/SMAD7/STC1/EYA1/ITGAV/NRP1/HGF/APLNR/VCL/BMP4/TNC/MIR145/ENG/KLF4/MEF2C/COL4A1/GJA1/SULF1/HEY2/FERMT1/ITGA5",75
"GO:0048598","embryonic morphogenesis","69/984","317/15777",0.217665615141956,3.48994960375471,11.5500353340128,2.06343545083666e-20,1.04639104417983e-17,1.04639104417984e-17,"MMP2/MICAL2/SIX2/FZD5/SPARC/TBX1/TWIST1/MMP14/STRA6/TGFB2/MMP9/FOXF2/PROX1/EDNRA/LAMB1/COL12A1/PDGFRA/GATA4/ALDH1A3/TBX18/PAX8/SIX1/MSX1/FN1/FOXC1/DLC1/OSR2/TBX2/TBX3/ITGB1/TGFBR2/PRICKLE1/SHH/GATA3/HOXB3/INHBA/RARG/TCF21/OSR1/FLT1/TGFB1/IGF2/MFAP5/GDNF/MSX2/SP9/GRHL3/BMP5/GREM1/RYR2/PAX2/FBN1/EYA1/ITGAV/LAMB3/APLNR/BMP4/MIR145/ENG/KLF4/HOXB4/ITGA4/ECE1/MEF2C/GJA1/SULF1/MYO3B/COL8A1/ITGA5",69
"GO:0030855","epithelial cell differentiation","79/984","435/15777",0.181609195402299,2.91183767872162,10.4285163205174,3.55768577777134e-18,1.47611617179531e-15,1.47611617179531e-15,"SFRP4/FOXB1/SIX2/ESRP1/MET/PCK1/S1PR3/F2RL1/TBX1/KRT7/KDR/PLCB1/TGFB2/CDH5/MMP9/PROX1/EDNRA/CAV1/GATA4/DACT2/TAGLN2/VDR/DSP/WNT11/PAX8/RHBDF2/TCHH/SIX1/MSX1/POU2F3/FOXC1/ACVRL1/MIR21/GLI1/EDN1/PKHD1/CLDN1/PRKCH/GATA3/ADAM9/IRF6/SERPINE1/TCF21/OSR1/ZNF703/TGFB1/ANXA1/GDNF/MAFB/ACTA2/ICAM1/FSTL1/BMP5/KRT17/GREM1/LGALS3/WFDC2/SPINK5/DAB2/PAX2/GDF3/NPY/STAT1/KRT80/STC1/IQGAP1/FBN1/NRP1/VCL/BMP4/PITX2/MEF2C/COL4A1/PPARG/HEY2/FLG/TAGLN/KRT79/CDH3",79
"GO:0006935","chemotaxis","69/984","356/15777",0.193820224719101,3.10762366401754,10.3736040143883,1.53431806084146e-17,5.38663663821573e-15,5.38663663821573e-15,"MMP2/TMSB4X/CD4/MET/F2RL1/NTF3/FOSL1/KDR/CCR1/S100A4/GPNMB/TGFB2/KLRC4-KLRK1/LGR6/FGF1/C3AR1/PDGFRA/PDGFA/CXCL14/IL6R/PDGFRB/ANGPT1/SMOC2/KLRK1/PLAUR/CXCL1/TNFAIP6/POU4F2/EDN1/CCL2/PGF/CXCL11/ADGRE2/SEMA3E/ADGRA2/ECSCR/SERPINE1/ITGA1/FLT1/TGFB1/PLAU/ANXA1/GDNF/CDH13/SEMA3C/CSF1/F3/GREM1/LGALS3/RAC2/CXCL6/ITGAV/FGF18/NRP1/CMKLR1/EDN3/HGF/BMP4/CXCL12/ENG/CXCL5/BST1/VCAM1/IL16/UNC5C/PLP2/PLD1/SLAMF8/CXCL8",69
"GO:0002521","leukocyte differentiation","78/984","449/15777",0.173719376391982,2.78533597696779,9.89847409237788,8.25984700614911e-17,2.21752598447439e-14,2.21752598447439e-14,"CD4/IFI16/SMARCA2/PCK1/F2RL1/IL2RB/MMP14/CCR1/TLR4/FOS/HLA-B/MMP9/JUNB/IL31RA/RRAS/PRKCA/IL6R/POU4F1/DCSTAMP/UBD/ICOSLG/ANXA2/IRF1/IL4R/IL13RA1/PTGER4/TNFAIP6/TLR3/SOCS3/IL1RAP/POU4F2/MIR21/IL18R1/KISS1/IL33/ITGB1/TGFBR2/SHH/RUNX3/GATA3/IL15/STAT3/SLC25A5/INHBA/CCN4/GPR65/PSMB8/TGFB1/JAK3/ANXA1/IKZF1/MAFB/LRRC17/CSF1/PRDM1/ZC3H12A/SPINK5/RUNX1/SMAD7/KLRC1/FBN1/BMP4/MIR145/UBASH3B/CASP8/ITGA4/PSMB9/LYL1/IL7R/NR3C1/VCAM1/PPARG/SLAMF8/TNFSF4/KCNK18/DOCK10/SOCS1/LGALS1",78
"GO:0002683","negative regulation of immune system process","75/984","423/15777",0.177304964539007,2.84282563570317,9.90858250808815,1.04698396259446e-16,2.65468600293396e-14,2.65468600293396e-14,"IFI16/DHX58/F2RL1/TLR4/HMOX1/PLCB1/HLA-B/GPNMB/NLRP6/TGFB2/NPY5R/KLRC4-KLRK1/ISG15/PARP14/IL31RA/FURIN/TGFB3/PRNP/RAB7B/KLRK1/OAS3/RHBDF2/IRF1/TNFRSF21/PTGER4/TNFAIP6/FN1/GBP1/BANK1/TLR3/MIR21/HLA-E/IRGM/KISS1/IL33/CCL2/PLK2/RUNX3/NLRC5/INHBA/PSMB8/A2M/TGFB1/OAS1/JAK3/ANXA1/MAFB/NMI/LRRC17/BMP5/COL3A1/GREM1/BST2/LGALS3/ZC3H12A/SPINK5/NPY/RUNX1/SMAD7/KLRC1/FBN1/PDCD1LG2/CD274/BMP4/AHR/CXCL12/UBASH3A/PSMB9/PPARG/TLR6/BPI/SLAMF8/TNFSF4/SOCS1/LGALS1",75
"GO:0050673","epithelial cell proliferation","59/984","289/15777",0.204152249134948,3.27328255548991,10.0594107102135,3.03312536354222e-16,6.70560237246443e-14,6.70560237246443e-14,"ECM1/JCAD/B2M/GDF5/SPARC/TBX1/CNMD/MMP14/KDR/HMOX1/TGFB2/PROX1/LAMB1/RGCC/CAV1/SNAI2/PRKCA/VDR/SIX1/EGFR/ACVRL1/OSR2/MIR21/TBX2/PKHD1/CLDN1/CCL2/LAMC1/RUNX3/GATA3/STAT3/CDKN2B/OSR1/FLT1/ZNF703/TGFB1/CDH13/BMP5/F3/KLF9/DAB2/PAX2/HAS2/LOXL2/STAT1/TNMD/NRP1/APLNR/BMP4/FAP/CXCL12/ENG/ITGA4/MEF2C/CAV2/SULF1/PPARG/FERMT1/CDH3",59
"GO:0043542","endothelial cell migration","52/984","232/15777",0.224137931034483,3.59372371740959,10.2645570287766,3.08539986463087e-16,6.70560237246443e-14,6.70560237246443e-14,"TMSB4X/TBXA2R/JCAD/MET/SPARC/KDR/HMOX1/CDH5/PROX1/RGCC/FGF1/FOXC2/RRAS/PRKCA/ANGPT1/PLXND1/SMOC2/FN1/S100A2/ACVRL1/ETS1/MIR21/EDN1/SERPINF1/PLK2/GATA3/ADGRA2/TGFB1/EHD4/MEOX2/ANXA1/CDH13/FSTL1/TGFB1I1/GREM1/ZC3H12A/LOXL2/STC1/FGF18/NRP1/DCN/FAP/KLF4/SRPX2/MEF2C/ANXA3/CYP1B1/CD40/PPARG/CRIPTO/RHOJ/SP100",52
"GO:0050865","regulation of cell activation","80/984","480/15777",0.166666666666667,2.67225609756098,9.59595367968478,3.82329815713511e-16,7.93160581325666e-14,7.93160581325665e-14,"CD4/SMARCA2/CD9/B2M/PCK1/MMP14/SIRPG/TLR4/GPNMB/CUL4B/KLRC4-KLRK1/PEAR1/CAV1/JUNB/PDGFRA/IL31RA/PDGFA/PRKCA/IL6R/KLRC2/NFATC2/PRNP/ZP4/KLRK1/ICOSLG/IRF1/TNFRSF21/IL4R/C1QTNF1/FN1/BANK1/MIR21/HLA-E/IRGM/IL33/TGFBR2/CCL2/SHH/RUNX3/GATA3/IL15/KLRC3/INHBA/GPR65/PSMB8/TGFB1/IGF2/JAK3/EMILIN2/ANXA1/ACTA2/PRDM1/LGALS3/RAC2/ZC3H12A/SPINK5/THBD/RUNX1/SMAD7/KLRC1/DDR2/PDCD1LG2/CD274/CYGB/BMP4/AHR/MIR145/PSMB9/MEF2C/IL7R/VCAM1/TLR6/IL16/BPI/SLAMF8/TNFSF4/KCNK18/SH3KBP1/SOCS1/LGALS1",80
"GO:0009611","response to wounding","75/984","436/15777",0.172018348623853,2.75806248601477,9.60104678556956,5.80941472926971e-16,1.15278994888639e-13,1.15278994888639e-13,"MMP2/TBXA2R/CD9/F2RL1/F2RL2/KDR/CCR1/TLR4/HMOX1/S100A10/TGFB2/PLAT/EDNRA/LYVE1/TLN1/PEAR1/FGF1/CAV1/FOXC2/PDGFRA/GATA4/PDGFA/PRKCA/IL6R/ANGPT1/SMOC2/DSP/PLAUR/ANXA2/C1QTNF1/FN1/MYL12A/TLR3/CD44/HOXB13/ACVRL1/MIR21/EDN1/CLDN1/IL33/ITGB1/TPM1/STAT3/MYL9/CCN4/SERPINE1/SPP1/TGFB1/PLAU/EMILIN2/ANXA1/COL3A1/F3/MYOF/KREMEN1/TFPI/THBD/DDR2/ITGAV/NRP1/PROCR/SYTL4/VCL/FAP/TNC/UBASH3B/ENG/CD40/PPARG/SFTA3/FERMT1/TNFRSF12A/F13A1/AHNAK/ITGA5",75
"GO:0050678","regulation of epithelial cell proliferation","54/984","254/15777",0.21259842519685,3.40870462838487,9.98114686845868,9.24244751726411e-16,1.75760543619973e-13,1.75760543619973e-13,"ECM1/JCAD/B2M/GDF5/SPARC/TBX1/CNMD/KDR/HMOX1/TGFB2/PROX1/LAMB1/RGCC/CAV1/SNAI2/PRKCA/VDR/SIX1/EGFR/ACVRL1/OSR2/MIR21/PKHD1/CLDN1/CCL2/LAMC1/RUNX3/GATA3/STAT3/CDKN2B/OSR1/FLT1/ZNF703/TGFB1/CDH13/BMP5/F3/KLF9/DAB2/PAX2/HAS2/STAT1/TNMD/NRP1/APLNR/BMP4/CXCL12/ENG/ITGA4/MEF2C/CAV2/SULF1/PPARG/CDH3",54
"GO:0032963","collagen metabolic process","31/984","91/15777",0.340659340659341,5.46197400160815,11.0092946615394,1.48274174932433e-15,2.70689333756649e-13,2.70689333756649e-13,"MMP2/MMP14/MMP9/RGCC/IL6R/ADAMTS2/FURIN/PCOLCE/CTSS/TGFB3/CTSK/MMP13/RCN3/MIR21/MMP1/ITGB1/PLOD1/INHBA/TGFB1/ADAMTS14/PLOD2/CREB3L1/RUNX1/DDR2/COL1A1/CYGB/BMP4/FAP/MIR145/MMP7/TRAM2",31
"GO:0060537","muscle tissue development","55/984","270/15777",0.203703703703704,3.26609078590786,9.68641703273938,3.49467469740922e-15,5.90729456258358e-13,5.90729456258358e-13,"ANKRD1/TBX1/TWIST1/S100B/STRA6/TFAP2B/PAX7/TGFB2/PROX1/EDNRA/MYOM1/CAV1/RGS4/PDGFRA/GATA4/CHRNA1/PDGFRB/POU4F1/DSP/SGCD/TBX18/SIX1/MSX1/GLI1/TBX2/SIK1/EDN1/TBX3/PRICKLE1/SHH/MYOCD/TPM1/TCF21/OSR1/TGFB1/IGF2/MSC/MSX2/SEMA3C/BMP5/COL3A1/GREM1/RYR2/RUNX1/SMAD7/BMP4/MIR145/ENG/CARMN/MEF2C/GJA1/RCAN1/CAV2/HEY2/ALPK2",55
"GO:0001503","ossification","61/984","324/15777",0.188271604938272,3.01865966576332,9.4688465339156,4.9752964364787e-15,8.10973319146027e-13,8.10973319146027e-13,"ECM1/MGP/SIX2/CDH11/GDF10/GDF5/RUNX2/TWIST1/MMP14/TMEM119/CCR1/SGMS2/PTHLH/ISG15/SNAI2/IL6R/VDR/SP7/MIR675/OSTF1/ITGA11/TNFAIP6/FOXC1/SRGN/EGFR/MMP13/OSR2/MIR21/ADAMTS12/GLI1/CHRDL1/PRICKLE1/RUNX3/CCN4/OSR1/SPP1/IGF2/COL13A1/TWIST2/MSX2/LRRC17/BMP5/GREM1/CREB3L1/KREMEN1/RUNX1/SMAD7/STC1/DLX5/DDR2/COL1A1/HGF/BMP4/TNC/PENK/PANX3/MEF2C/ENPP1/PPARG/IFITM1/LRP4",61
"GO:0009617","response to bacterium","70/984","413/15777",0.169491525423729,2.71754857379082,9.12220387311215,1.22998082529374e-14,1.93573534022091e-12,1.93573534022091e-12,"TBXA2R/ANKRD1/B2M/TFEB/CDH1/COLEC12/FZD5/F2RL1/TLR4/FOS/HLA-B/NLRP6/MMP9/ISG15/CAV1/ASS1/NQO1/PRKCA/IL6R/TICAM1/CASP7/OAS3/GBP1/CARD16/TLR3/TRAC/SSC5D/MIR21/ADM/HLA-E/IRGM/IL18R1/EDN1/OAS2/CLDN1/IL33/CCL2/ADAM9/SERPINE1/CASP4/SHC1/OAS1/EMILIN2/NLRP1/WFDC2/ZC3H12A/SPINK5/NPY/GBP2/TLR1/CXCL6/AQP1/PDCD1LG2/CD274/AHR/PENK/CASP8/CXCL5/MEF2C/ANXA3/CASP1/IL7R/CD40/VCAM1/TLR6/GBP3/BPI/SLAMF8/TNFSF4/CXCL8",70
"GO:0141091","transforming growth factor beta receptor superfamily signaling pathway","60/984","326/15777",0.184049079754601,2.95095765374832,9.18007472079102,2.42754972231397e-14,3.35737482807302e-12,3.35737482807302e-12,"SFRP4/GDF10/GDF5/RUNX2/TMEM119/KDR/TFAP2B/FOS/TGFB2/CDH5/RGCC/CAV1/GATA4/DACT2/FURIN/LRRC32/TGFB3/GDF6/TNFAIP6/ACVRL1/MIR21/FOXD1/SOSTDC1/PMEPA1/CHRDL1/TGFBR2/FST/SHH/MYOCD/STAT3/ADAM9/CDKN2B/HTRA3/INHBA/LTBP2/ZNF703/TGFB1/ACVR1C/FSTL1/TGFB1I1/BMP5/COL3A1/GREM1/NKX2-1/DAB2/GDF3/SMAD7/COL1A2/DLX5/FBN1/BMP4/MIR145/LDLRAD4/ENG/SULF1/PPARG/CRIPTO/FERMT1/DKK3/CDH3",60
"GO:0019221","cytokine-mediated signaling pathway","69/984","415/15777",0.166265060240964,2.66581692624155,8.8694217792181,5.08499736244866e-14,6.10734946374097e-12,6.10734946374097e-12,"TMSB4X/CD4/IKBKE/F2RL1/IL2RB/CCR1/PARP9/PLCB1/NLRP6/ISG15/PARP14/TRADD/IL1R1/IL31RA/FAS/IL6R/IL1RAPL2/OAS3/IRF1/IL4R/IL13RA1/FOXC1/CARD16/CCDC3/CD44/SOCS3/IL1RAP/MIR21/IRGM/IL18R1/EDN1/OAS2/IL33/SLC1A1/CCL2/CXCL11/IFITM3/NLRC5/IL15/STAT3/INHBA/CASP4/MX1/OAS1/JAK3/RHEX/STING1/CSF1/F3/IL21R/STAT1/TNFRSF19/CXCL6/CMKLR1/OSMR/CXCL12/CASP8/CASP1/IL7R/CD40/PPARG/OASL/STAT6/PLVAP/IFITM1/IL16/PLP2/SOCS1/SP100",69
"GO:0043410","positive regulation of MAPK cascade","65/984","378/15777",0.171957671957672,2.75708962446767,8.91787589206543,5.62118884107576e-14,6.57823227453071e-12,6.57823227453071e-12,"JCAD/F2RL1/TBX1/NTF3/IL2RB/KDR/CCR1/PLCB1/GPNMB/TGFB2/NPY5R/ADRA1A/FGF1/PDGFRA/IL1R1/NRK/PDGFA/PRKCA/IL6R/PDGFRB/ANGPT1/FGF5/CALCR/GDF6/TLR3/CD44/EGFR/IL1RAP/IGFBP6/MIR21/EDN1/ADRB1/IL15/ADAM9/INHBA/ITGA1/FLT1/SHC1/TGFB1/LTBR/IGF2/SH3RF3/FGF17/ACTA2/ICAM1/ZC3H12A/GADD45B/NPY/FGF19/TNFRSF19/IQGAP1/DDR2/FGF18/NRP1/EDN3/HGF/BMP4/FZD10/MEF2C/MAP3K5/CD40/CAV2/TLR6/CRIPTO/RASGRF1",65
"GO:0045785","positive regulation of cell adhesion","65/984","379/15777",0.171503957783641,2.74981498165905,8.8929826967808,6.38868744910823e-14,7.28949237943249e-12,7.28949237943249e-12,"CD4/SMARCA2/B2M/PCK1/SIRPG/KDR/ADAM19/S100A10/TGFB2/KLRC4-KLRK1/LAMB1/EDIL3/CAV1/FOXC2/FBLN2/LAMA2/RRAS/PRKCA/IL6R/ZP4/KLRK1/ICOSLG/PLAUR/COL16A1/FN1/CD44/ETS1/MIR21/HLA-E/TGFBR2/CCL2/SHH/LAMC1/RUNX3/GATA3/IL15/TPM1/ADAM9/GPR65/TGFB1/IGF2/EMILIN2/ANXA1/CDH13/CSF1/TGM2/CASS4/DAB2/NPY/HAS2/RUNX1/SMAD7/PDCD1LG2/CD274/ITGAV/NRP1/CXCL12/PIEZO1/ITGA4/IL7R/VCAM1/FERMT1/TNFSF4/SOCS1/ITGA5",65
"GO:1902105","regulation of leukocyte differentiation","50/984","247/15777",0.202429149797571,3.24565517922386,9.17431587987416,8.31667712047317e-14,9.12749922001784e-12,9.12749922001784e-12,"CD4/SMARCA2/PCK1/IL2RB/MMP14/CCR1/TLR4/HLA-B/JUNB/PRKCA/POU4F1/DCSTAMP/IRF1/IL4R/IL13RA1/TNFAIP6/TLR3/POU4F2/MIR21/KISS1/TGFBR2/SHH/RUNX3/GATA3/INHBA/GPR65/PSMB8/TGFB1/JAK3/ANXA1/MAFB/LRRC17/CSF1/PRDM1/ZC3H12A/SPINK5/RUNX1/SMAD7/FBN1/BMP4/MIR145/UBASH3B/CASP8/PSMB9/IL7R/SLAMF8/TNFSF4/KCNK18/SOCS1/LGALS1",50
"GO:0001819","positive regulation of cytokine production","67/984","405/15777",0.165432098765432,2.65246160794941,8.68883542425661,1.5334107450878e-13,1.55521925346238e-11,1.55521925346238e-11,"CD4/IFI16/DHX58/B2M/IKBKE/FZD5/F2RL1/TWIST1/TLR4/HMOX1/PLCB1/RGCC/ISG15/C3AR1/GATA4/TRADD/IL1R1/IL6R/RAB7B/TICAM1/MIR675/OAS3/IRF1/IL4R/PTGER4/TLR3/IL1RAP/MIR21/HLA-E/IL18R1/OAS2/IL33/GATA3/IL15/STAT3/LUM/GPR65/SERPINE1/PSMB8/TGFB1/OAS1/ANXA1/NLRP1/STING1/F3/IFIH1/ZC3HAV1/STAT1/RUNX1/TLR1/CD274/TNFRSF8/MIR145/AFAP1L2/IL32/POLR3G/CASP8/PANX3/PSMB9/CASP1/CYP1B1/SULF1/TLR6/BTN3A2/FERMT1/IL16/TNFSF4",67
"GO:0007162","negative regulation of cell adhesion","49/984","248/15777",0.19758064516129,3.16791650275374,8.87492141473807,3.87904475563887e-13,3.61305311525221e-11,3.61305311525221e-11,"FXYD5/MMP2/CD9/CDH1/MMP14/GPNMB/TGFBI/LAMB1/RGCC/DACT2/ASS1/SNAI2/CD164/ANGPT1/PLXND1/PRNP/MIR675/IRF1/TNFRSF21/C1QTNF1/GBP1/DLC1/ACVRL1/MIR21/HLA-E/SPRY4/RUNX3/SEMA3E/SERPINE1/PSMB8/ZNF703/TGFB1/JAK3/ANXA1/CDH13/LGALS3/ZC3H12A/RUNX1/SMAD7/PDCD1LG2/CD274/BMP4/CXCL12/KLF4/PSMB9/CYP1B1/TNFSF4/SOCS1/LGALS1",49
"GO:0042110","T cell activation","66/984","404/15777",0.163366336633663,2.61934013523304,8.50388382187527,4.27875081314917e-13,3.90564374224256e-11,3.90564374224256e-11,"CD4/SMARCA2/B2M/PCK1/F2RL1/SIRPG/GPNMB/KLRC4-KLRK1/CAV1/JUNB/IL6R/PRNP/ZP4/KLRK1/ICOSLG/CEACAM21/IRF1/TNFRSF21/PTGER4/TRGC1/CD44/TRAC/SOCS3/TRBC2/MIR21/HLA-E/IL18R1/TGFBR2/CCL2/SHH/RUNX3/GATA3/IL15/STAT3/MICB/GPR65/PSMB8/TGFB1/LTBR/IGF2/JAK3/ANXA1/ICAM1/ADA/PRDM1/CLEC2B/ELF4/LGALS3/RAC2/ZC3H12A/SPINK5/RUNX1/SMAD7/KLRC1/GSN/PDCD1LG2/CD274/BMP4/CASP8/PSMB9/IL7R/VCAM1/TNFSF4/KCNK18/SOCS1/LGALS1",66
"GO:0032102","negative regulation of response to external stimulus","59/984","340/15777",0.173529411764706,2.78229017216643,8.56848988060132,5.67413616326937e-13,4.98014566330027e-11,4.98014566330027e-11,"TMSB4X/IFI16/DHX58/CD9/HLA-B/NLRP6/NPY5R/CDH5/PLAT/KLRC4-KLRK1/ISG15/PARP14/PDGFRA/IL1R1/PDGFA/FURIN/KLRK1/PLAUR/OAS3/RHBDF2/PTGER4/C1QTNF1/TNFAIP6/CARD16/IL1RAP/MIR21/HLA-E/IRGM/IL18R1/EDN1/IL33/CCL2/PLK2/GATA3/NLRC5/STAT3/MICB/SERPINE1/A2M/SPP1/TGFB1/PLAU/OAS1/NMI/GREM1/ELF4/SPINK5/KREMEN1/NPY/TFPI/THBD/KLRC1/FAP/AHR/MIR145/KLF4/PPARG/SLAMF8/NFATC1",59
"GO:0007178","cell surface receptor protein serine/threonine kinase signaling pathway","60/984","350/15777",0.171428571428571,2.748606271777,8.53204590764212,6.1925170249846e-13,5.23382364852402e-11,5.23382364852402e-11,"SFRP4/GDF10/GDF5/RUNX2/TMEM119/KDR/TFAP2B/FOS/TGFB2/CDH5/RGCC/CAV1/GATA4/DACT2/FURIN/LRRC32/TGFB3/GDF6/TNFAIP6/ACVRL1/MIR21/FOXD1/SOSTDC1/PMEPA1/CHRDL1/TGFBR2/FST/SHH/MYOCD/STAT3/ADAM9/CDKN2B/HTRA3/INHBA/LTBP2/ZNF703/TGFB1/ACVR1C/FSTL1/TGFB1I1/BMP5/COL3A1/GREM1/NKX2-1/DAB2/GDF3/SMAD7/COL1A2/DLX5/FBN1/BMP4/MIR145/LDLRAD4/ENG/SULF1/PPARG/CRIPTO/FERMT1/DKK3/CDH3",60
"GO:0030336","negative regulation of cell migration","53/984","289/15777",0.183391003460208,2.9404063634062,8.58641373333732,9.4705458637674e-13,7.32602903766685e-11,7.32602903766685e-11,"TBXA2R/CDH1/CDH11/ARHGDIB/HMOX1/PLCB1/KLRC4-KLRK1/RGCC/KLRK1/PTPRR/PTGER4/TNFAIP6/DLC1/ACVRL1/MIR21/SERPINF1/IL33/CCL2/SHH/MYOCD/MITF/TPM1/TIMP1/SERPINE1/TGFB1/MEOX2/ACVR1C/EMILIN2/BMP5/COL3A1/GREM1/BST2/PTPRT/NKX2-1/SMAD7/STC1/CYGB/DCN/VCL/BMP4/MIR145/CXCL12/LDLRAD4/ENG/KLF4/MEF2C/GJA1/CYP1B1/SULF1/PPARG/IFITM1/SLAMF8/SP100",53
"GO:0008015","blood circulation","66/984","413/15777",0.159806295399516,2.56226008385992,8.29743927203254,1.21329895404966e-12,9.07786299390597e-11,9.07786299390597e-11,"MMP2/TBXA2R/F2RL1/SCN2B/ANPEP/TGFB2/DES/CDH5/KCND3/EDNRA/ADRA1A/ERAP2/CAV1/C3AR1/HTR1A/RGS4/GATA4/ANGPT1/HTR7/DSP/FGF12/ADORA2B/SGCD/TBX18/ACVRL1/BDKRB2/MIR21/ADM/TBX2/EDN1/KCNE5/ITGB1/SLC1A1/ADRB1/KCNE4/TPM1/PCSK5/MYL4/ITGA1/TGFB1/EMILIN2/HRH1/KLF2/ADAMTS16/ZC3H12A/MYOF/RYR2/NPY/SMAD7/STC1/COL1A2/GSN/FBN1/EDN3/CXCL12/ENG/HTR1B/ITGA4/ECE1/AVPR1A/GJA1/PDE1C/PPARG/PLVAP/NPR3/MME",66
"GO:0031589","cell-substrate adhesion","55/984","311/15777",0.176848874598071,2.83551290094895,8.43172633302185,1.61229778974942e-12,1.1320810942179e-10,1.1320810942179e-10,"ITGA10/CDH11/MMP14/KDR/S100A10/LAMB1/LYVE1/TLN1/EDIL3/FBLN2/RRAS/PLAUR/COL16A1/ITGA11/FN1/GBP1/DLC1/CD44/ACVRL1/LAMC3/ADAMTS12/RSU1/PKHD1/ITGB1/SPRY4/LAMC1/SEMA3E/FBLN5/ADAM9/SERPINE1/ITGA1/PLAU/ACTN1/COL13A1/CDH13/TGFB1I1/CSF1/COL3A1/GREM1/CASS4/RAC2/DAB2/FREM2/NPY/HAS2/ITGAV/NRP1/LAMB3/VCL/ITGA4/BST1/VCAM1/FERMT1/NID2/ITGA5",55
"GO:0051607","defense response to virus","49/984","260/15777",0.188461538461538,3.02170497185741,8.47751257070565,2.44756329981388e-12,1.6189389710653e-10,1.6189389710653e-10,"IFI16/DHX58/IKBKE/F2RL1/DTX3L/TRIM34/PARP9/NLRP6/PRF1/APOBEC3B/ISG15/APOBEC3C/TRIM22/TICAM1/OAS3/IRF1/GBP1/TLR3/PMAIP1/IRGM/OAS2/IFITM3/NLRC5/IFIT2/MICB/MX1/OAS1/AGBL4/NLRP1/SHFL/STING1/IFIT3/BST2/IFIH1/ZC3H12A/ZC3HAV1/STAT1/GBP2/APOBEC3G/DDX60L/EXOC1/POLR3G/IRF9/CASP1/MID2/OASL/GBP3/IFITM1/MLKL",49
"GO:0040013","negative regulation of locomotion","54/984","309/15777",0.174757281553398,2.80197726734549,8.25048226876034,4.19203188148406e-12,2.69470894466102e-10,2.69470894466102e-10,"TBXA2R/CDH1/CDH11/ARHGDIB/HMOX1/PLCB1/KLRC4-KLRK1/RGCC/KLRK1/PTPRR/PTGER4/TNFAIP6/DLC1/ACVRL1/MIR21/SERPINF1/IL33/CCL2/SHH/MYOCD/GATA3/MITF/TPM1/TIMP1/SERPINE1/TGFB1/MEOX2/ACVR1C/EMILIN2/BMP5/COL3A1/GREM1/BST2/PTPRT/NKX2-1/SMAD7/STC1/CYGB/DCN/VCL/BMP4/MIR145/CXCL12/LDLRAD4/ENG/KLF4/MEF2C/GJA1/CYP1B1/SULF1/PPARG/IFITM1/SLAMF8/SP100",54
"GO:0002250","adaptive immune response","59/984","357/15777",0.165266106442577,2.64980016396803,8.13188321635202,4.74601968729069e-12,3.00844914622149e-10,3.00844914622149e-10,"TAP2/CD4/B2M/TFEB/FZD5/IL2RB/TLR4/HLA-B/PRF1/KLRC4-KLRK1/ERAP2/JUNB/IL1R1/IL6R/CTSS/KLRC2/KLRK1/ICOSLG/IRF1/TNFRSF21/TRBJ2-3/C9/TRGC1/C7/TRAC/SOCS3/TRBC2/MIR21/HLA-E/IL18R1/TRGC2/IL33/ULBP2/GATA3/STAT3/MICB/PSMB8/BTN3A3/ALCAM/TGFB1/JAK3/ANXA1/PRDM1/PRKCB/IL21R/ZC3H12A/SMAD7/KLRC1/PDCD1LG2/TAP1/CD274/AHR/PSMB9/MEF2C/CD40/BTN3A2/TNFSF4/C1S/LGALS1",59
"GO:0071559","response to transforming growth factor beta","48/984","256/15777",0.1875,3.0062881097561,8.3468248799377,4.98191996389259e-12,3.11472365961723e-10,3.11472365961723e-10,"ANKRD1/GDF10/GDF5/FOS/DNM3OS/TGFB2/CDH5/RGCC/WNT10A/FURIN/LRRC32/TGFB3/MXRA5/ACVRL1/MIR21/PMEPA1/EDN1/CLDN1/TGFBR2/MYOCD/RUNX3/STAT3/ADAM9/CDKN2B/HTRA3/LTBP2/ZNF703/TGFB1/ACTA2/TGFB1I1/COL3A1/NKX2-1/DAB2/SMAD7/COL1A2/FBN1/DDR2/COL1A1/MIR145/PENK/LDLRAD4/ENG/MEF2C/NR3C1/PPARG/FERMT1/DKK3/CDH3",48
"GO:0007389","pattern specification process","46/984","241/15777",0.190871369294606,3.06034308268394,8.31278079206174,7.30471001282596e-12,4.44515953313836e-10,4.44515953313836e-10,"MICAL2/FOXB1/SIX2/IRX4/FZD5/TBX1/FOXC2/GATA4/DSP/WNT11/HOXB6/TBX18/PAX8/SIX1/FOXC1/CDX1/ACVRL1/BICC1/OSR2/FOXD1/SOSTDC1/TBX2/CHRDL1/TBX3/TGFBR2/PRICKLE1/SHH/PCSK5/HOXB3/OSR1/BHLHE40/SEMA3C/GREM1/HOXB5/PAX2/STC1/NRP1/APLNR/BMP4/ENG/HOXB4/PITX2/MEF2C/BHLHE41/CRIPTO/HEY2",46
"GO:0043068","positive regulation of programmed cell death","68/984","454/15777",0.149779735682819,2.40149887181691,7.81477804151551,1.17105214832102e-11,6.85215641658608e-10,6.85215641658608e-10,"MMP2/SFRP4/ANKRD1/F2RL1/S100B/TLR4/TFAP2B/TGFB2/PRF1/RGCC/CAV1/TRADD/FAS/TGFB3/UBD/PRNP/CASP7/MIR675/MSX1/PHLDA2/DLC1/POU4F2/MIR21/PMAIP1/SIK1/PHLDA1/ITGB1/CCL2/ADRB1/ID3/TNFSF15/ECSCR/IFIT2/INHBA/RARG/ITGA1/CASP4/HTATIP2/TGFB1/LTBR/ACVR1C/EMILIN2/ANXA1/F3/TGM2/PRKCB/HTRA1/ZC3H12A/STK17B/GZMA/GADD45B/ACSL4/GSN/CD274/TNFRSF8/BMP4/FAP/CASP8/ITGA4/MEF2C/CASP1/MAP3K5/CYP1B1/CD40/PPARG/TLR6/TNFRSF12A/LGALS1",68
"GO:0050727","regulation of inflammatory response","56/984","336/15777",0.166666666666667,2.67225609756098,7.99102675600006,1.18991179261125e-11,6.87437648288325e-10,6.87437648288325e-10,"TMSB4X/CD4/IFI16/CCR1/TLR4/NLRP6/NPY5R/CDH5/MMP9/TRADD/IL1R1/FURIN/MGLL/RHBDF2/PTGER4/TNFAIP6/GBP1/TLR3/IL1RAP/ETS1/MIR21/ADAMTS12/HLA-E/IRGM/IL18R1/IL33/PLK2/GATA3/IL15/STAT3/CCN4/SERPINE1/CASP4/TGFB1/ANXA1/NLRP1/NMI/ELF4/NPY/GBP2/CMKLR1/OSMR/AHR/TNC/MIR145/KLF4/BST1/CASP1/PPARG/TLR6/GBP3/IL16/SLAMF8/TNFSF4/LGALS1/NFATC1",56
"GO:0034341","response to type II interferon","27/984","97/15777",0.278350515463918,4.46294317324617,8.82319895345661,2.24653426189313e-11,1.25038809405857e-09,1.25038809405857e-09,"TLR4/PARP9/PARP14/ASS1/UBD/IRF1/GBP1/IRGM/EDN1/CLDN1/CCL2/IFITM3/NLRC5/PSMB8/SHFL/BST2/KYNU/STAT1/GBP2/PSMB9/CASP1/CD40/PPARG/CRIPTO/GBP3/IFITM1/SP100",27
"GO:0071560","cellular response to transforming growth factor beta stimulus","46/984","250/15777",0.184,2.95017073170732,8.01616654265836,2.73308017686642e-11,1.48497356276409e-09,1.48497356276409e-09,"ANKRD1/GDF10/GDF5/FOS/DNM3OS/TGFB2/CDH5/RGCC/WNT10A/FURIN/LRRC32/TGFB3/ACVRL1/MIR21/PMEPA1/EDN1/CLDN1/TGFBR2/MYOCD/STAT3/ADAM9/CDKN2B/HTRA3/LTBP2/ZNF703/TGFB1/ACTA2/TGFB1I1/COL3A1/NKX2-1/DAB2/SMAD7/COL1A2/FBN1/DDR2/COL1A1/MIR145/PENK/LDLRAD4/ENG/MEF2C/NR3C1/PPARG/FERMT1/DKK3/CDH3",46
"GO:0050920","regulation of chemotaxis","36/984","167/15777",0.215568862275449,3.45633123995911,8.23022266687082,3.94533190516968e-11,2.0697120477235e-09,2.0697120477235e-09,"TMSB4X/MET/F2RL1/NTF3/KDR/CCR1/KLRC4-KLRK1/FGF1/C3AR1/PDGFRA/IL6R/PDGFRB/SMOC2/KLRK1/TNFAIP6/POU4F2/EDN1/CCL2/PGF/ADGRA2/SERPINE1/TGFB1/CDH13/CSF1/F3/GREM1/RAC2/FGF18/NRP1/CMKLR1/EDN3/CXCL12/BST1/IL16/SLAMF8/CXCL8",36
"GO:2000027","regulation of animal organ morphogenesis","17/984","40/15777",0.425,6.81425304878049,9.49578388472334,6.46570118882244e-11,3.20755002454192e-09,3.20755002454192e-09,"SIX2/TBX1/PDGFA/APCDD1/PAX8/SIX1/MSX1/EDN1/PKHD1/SHH/GATA3/TGFB1/GDNF/GREM1/HGF/BMP4/SULF1",17
"GO:0002040","sprouting angiogenesis","34/984","156/15777",0.217948717948718,3.49448874296435,8.07527462466583,1.00347175939458e-10,4.77067198945505e-09,4.77067198945505e-09,"TBXA2R/JCAD/KDR/HMOX1/CDH5/FGF1/FOXC2/ANGPT1/ACVRL1/MIR21/ESM1/PGF/PLK2/SEMA3E/ADGRA2/FLT1/TGFB1/EHD4/MEOX2/ANXA1/CDH13/KLF2/TGM2/GREM1/CREB3L1/LOXL2/NRP1/APLNR/BMP4/KLF4/SRPX2/CRIPTO/RHOJ/ITGA5",34
"GO:0048844","artery morphogenesis","18/984","47/15777",0.382978723404255,6.14050337311884,9.10244546206152,1.42352619095367e-10,6.62956483215567e-09,6.62956483215567e-09,"TBX1/STRA6/TFAP2B/TGFB2/PROX1/EDNRA/PDGFRB/ACVRL1/TBX2/EDN1/TGFBR2/COL3A1/SMAD7/NRP1/BMP4/MIR145/ENG/HEY2",18
"GO:0048525","negative regulation of viral process","21/984","65/15777",0.323076923076923,5.18006566604128,8.7094737949747,1.75191121367726e-10,7.91655720715148e-09,7.91655720715148e-09,"IFI16/PROX1/APOBEC3B/ISG15/APOBEC3C/OAS3/OAS2/IFITM3/MX1/OAS1/SHFL/BST2/IFIH1/ZC3HAV1/STAT1/APOBEC3G/IL32/MID2/OASL/IFITM1/SP100",21
"GO:0007159","leukocyte cell-cell adhesion","52/984","328/15777",0.158536585365854,2.54190214158239,7.27798935932294,4.23141702569752e-10,1.73983669416968e-08,1.73983669416968e-08,"CD4/SMARCA2/B2M/PCK1/SIRPG/NT5E/GPNMB/KLRC4-KLRK1/CAV1/ASS1/PRNP/ZP4/KLRK1/ICOSLG/IRF1/TNFRSF21/CD44/ETS1/MIR21/HLA-E/ITGB1/TGFBR2/CCL2/SHH/RUNX3/GATA3/IL15/GPR65/PSMB8/TGFB1/IGF2/JAK3/ANXA1/ICAM1/LGALS3/RAC2/ZC3H12A/HAS2/RUNX1/SMAD7/PDCD1LG2/CD274/BMP4/CXCL12/KLF4/ITGA4/PSMB9/IL7R/VCAM1/TNFSF4/SOCS1/LGALS1",52
"GO:1903034","regulation of response to wounding","31/984","140/15777",0.221428571428571,3.5502831010453,7.81706210374579,4.4186458303705e-10,1.78466367874433e-08,1.78466367874433e-08,"TBXA2R/CD9/F2RL1/PLAT/CAV1/FOXC2/PDGFRA/PDGFA/SMOC2/PLAUR/C1QTNF1/MIR21/EDN1/CLDN1/IL33/ITGB1/STAT3/CCN4/SERPINE1/SPP1/PLAU/EMILIN2/ANXA1/F3/KREMEN1/TFPI/THBD/DDR2/FAP/FERMT1/TNFRSF12A",31
"GO:0002252","immune effector process","62/984","430/15777",0.144186046511628,2.31181225184345,7.11315108570093,4.73961353492822e-10,1.89750843626424e-08,1.89750843626424e-08,"DHX58/B2M/DYSF/PCK1/FZD5/F2RL1/CFHR3/IL2RB/CFHR1/HLA-B/TGFB2/PRF1/KLRC4-KLRK1/JUNB/IL1R1/IL6R/KLRC2/TGFB3/KLRK1/TICAM1/KLRC4/C9/C7/SOCS3/IL1RAP/MIR21/HLA-E/IL18R1/IL33/ULBP2/GATA3/ADGRE2/KLRC3/STAT3/PSMB8/BTN3A3/A2M/TGFB1/JAK3/ANXA1/NMI/ICAM1/BST2/LGALS3/IL21R/RAC2/ZC3H12A/SPINK5/SMAD7/KLRC1/CD274/AHR/PSMB9/ANXA3/CD40/BTN3A2/SLAMF8/TNFSF4/DOCK10/CFH/C1S/LGALS1",62
"GO:0002253","activation of immune response","67/984","483/15777",0.13871635610766,2.22411377064081,7.04697410106146,4.97701330890376e-10,1.97522510798581e-08,1.97522510798581e-08,"LCP2/CD4/IFI16/DHX58/IKBKE/F2RL1/CFHR3/PLPP4/CFHR1/TLR4/NLRP6/RGCC/C3AR1/CTSS/KLRC2/NFATC2/PRNP/RAB7B/ICOSLG/TICAM1/OAS3/IRF1/TNFRSF21/KLRC4/C9/GBP1/BANK1/TRGC1/TLR3/C7/TRAC/EGFR/TRBC2/BTNL9/IRGM/TRGC2/PRKCH/GATA3/KLRC3/MICB/BTN3A3/A2M/OAS1/NLRP1/NMI/KCNK6/STING1/CLEC2B/PRKCB/LGALS3/IFIH1/ZC3H12A/ZC3HAV1/GBP2/KLRC1/TLR1/PDCD1LG2/CD274/CMKLR1/UBASH3A/MEF2C/CASP1/OASL/TLR6/BTN3A2/CFH/C1S",67
"GO:0034612","response to tumor necrosis factor","38/984","200/15777",0.19,3.04637195121951,7.51148028563122,5.65201549181534e-10,2.20476912005515e-08,2.20476912005515e-08,"TMSB4X/ANKRD1/F2RL1/FOS/TRADD/ASS1/FAS/IGBP1/DCSTAMP/UBD/TNFRSF21/GBP1/CARD16/CCDC3/MIR21/ADAMTS12/EDN1/CLDN1/CCL2/GATA3/ADAM9/CASP4/KLF2/ZC3H12A/HAS2/STAT1/GBP2/TNFRSF19/COL1A1/CASP8/CRHBP/CASP1/CD40/VCAM1/CRIPTO/GBP3/PLVAP/CXCL8",38
"GO:0050777","negative regulation of immune response","34/984","166/15777",0.204819277108434,3.28397737290626,7.62953990095952,5.83851852575288e-10,2.23924357575934e-08,2.23924357575934e-08,"IFI16/DHX58/HLA-B/NLRP6/NPY5R/ISG15/PARP14/FURIN/OAS3/RHBDF2/MIR21/HLA-E/IL33/PLK2/NLRC5/A2M/TGFB1/OAS1/JAK3/ANXA1/NMI/COL3A1/LGALS3/ZC3H12A/SPINK5/NPY/SMAD7/KLRC1/CD274/AHR/PPARG/SLAMF8/TNFSF4/LGALS1",34
"GO:0048771","tissue remodeling","27/984","111/15777",0.243243243243243,3.90004943968359,7.90780041171028,6.40453785364543e-10,2.43585923033648e-08,2.43585923033648e-08,"MMP2/GDF5/MMP14/TMEM119/GPNMB/EDNRA/CAV1/PRKCA/DCSTAMP/ACVRL1/TMBIM1/KISS1/IL15/SPP1/TGFB1/GREM1/RAC2/RUNX1/EPAS1/DDR2/BGN/UBASH3B/HTR1B/MEF2C/GJA1/PPARG/NPR3",27
"GO:0042692","muscle cell differentiation","52/984","332/15777",0.156626506024096,2.51127681457537,7.1777276334878,6.5902783417704e-10,2.46541232392132e-08,2.46541232392132e-08,"ANKRD1/CD9/MYBPC2/TBX1/MMP14/TMEM119/PROX1/EDNRA/LAMB1/MYOM1/RGS4/PDGFRA/ADAM12/GATA4/LAMA2/PDGFRB/NFATC2/CASP7/TBX18/MIR21/ADM/TBX2/SIK1/EDN1/TBX3/ITGB1/PRICKLE1/SHH/MYOCD/LAMC1/TPM1/MYL9/TGFB1/IGF2/KRT8/ACTN1/GREM1/EHD2/APLNR/BMP4/MIR145/PIEZO1/ENG/CARMN/MEF2C/AVPR1A/BHLHE41/RCAN1/CAV2/HEY2/ALPK2/NFATC1",52
"GO:0045165","cell fate commitment","34/984","168/15777",0.202380952380952,3.24488240418118,7.54446704466458,8.1457431779927e-10,2.97417374914869e-08,2.97417374914869e-08,"SIX2/ESRP1/TBX1/PROX1/EDNRA/WNT10A/GATA4/IL6R/POU4F1/WNT11/TBX18/SOCS3/TBX2/EDN1/TBX3/SHH/GATA3/STAT3/JAK3/TBX15/PRDM1/PAX2/GDF3/EPAS1/EYA1/NRP1/BMP4/KLF4/OLIG2/MEF2C/PPARG/SLAMF8/PRDM12/LGALS1",34
"GO:0050878","regulation of body fluid levels","46/984","278/15777",0.165467625899281,2.65303123354975,7.1716566270959,1.06556175107777e-09,3.71238460451827e-08,3.71238460451827e-08,"TBXA2R/FOXB1/CD9/F2RL1/F2RL2/TLR4/MYO5B/PLAT/TLN1/PEAR1/CAV1/PDGFRA/ADCY4/UPRT/PDGFA/PRKCA/IL6R/ANGPT1/PLAUR/ANO1/C1QTNF1/FN1/MYL12A/ADM/EDN1/OAS2/PRICKLE1/MYL9/SERPINE1/PLAU/EMILIN2/COL3A1/F3/HAS2/TFPI/THBD/AQP1/PROCR/APLNR/VCL/FAP/FLI1/UBASH3B/CD40/F13A1/NPR3",46
"GO:0050818","regulation of coagulation","19/984","60/15777",0.316666666666667,5.07728658536585,8.16074685501964,1.90084034566505e-09,6.2413203867736e-08,6.2413203867736e-08,"TBXA2R/CD9/F2RL1/PLAT/CAV1/PDGFRA/PDGFA/ANGPT1/PLAUR/C1QTNF1/EDN1/SERPINE1/PLAU/EMILIN2/F3/TFPI/THBD/PROCR/FAP",19
"GO:0071356","cellular response to tumor necrosis factor","35/984","183/15777",0.191256830601093,3.06652339064374,7.25195289816919,2.25259875612116e-09,7.24004276263168e-08,7.24004276263168e-08,"TMSB4X/ANKRD1/F2RL1/FOS/TRADD/ASS1/FAS/DCSTAMP/TNFRSF21/GBP1/CARD16/CCDC3/MIR21/ADAMTS12/EDN1/CLDN1/CCL2/GATA3/CASP4/KLF2/ZC3H12A/HAS2/STAT1/GBP2/TNFRSF19/COL1A1/CASP8/CRHBP/CASP1/CD40/VCAM1/CRIPTO/GBP3/PLVAP/CXCL8",35
"GO:0001818","negative regulation of cytokine production","44/984","274/15777",0.160583941605839,2.57472850275948,6.78173734451239,6.3449044258611e-09,1.77657323924111e-07,1.77657323924111e-07,"DHX58/F2RL1/TLR4/HMOX1/GPNMB/TGFB2/RGCC/IL6R/FURIN/TGFB3/PRNP/OAS3/TNFRSF21/PTGER4/FN1/XAF1/GBP1/CARD16/SRGN/IL1RAP/SSC5D/MIR21/IRGM/IL33/STAT3/INHBA/TGFB1/OAS1/JAK3/ANXA1/KLF2/BST2/ELF4/ZC3H12A/SMAD7/PDCD1LG2/CD274/BCL3/CMKLR1/MIR145/KLF4/TLR6/BPI/TNFSF4",44
"GO:0030193","regulation of blood coagulation","17/984","54/15777",0.314814814814815,5.04759485094851,7.68411890997462,1.49529900662309e-08,3.81259478560212e-07,3.81259478560212e-07,"TBXA2R/CD9/F2RL1/PLAT/CAV1/PDGFRA/PDGFA/PLAUR/C1QTNF1/EDN1/SERPINE1/PLAU/EMILIN2/F3/TFPI/THBD/FAP",17
"GO:0033002","muscle cell proliferation","33/984","181/15777",0.18232044198895,2.92324147688991,6.71172818726831,2.21372627278305e-08,5.37417378137333e-07,5.37417378137333e-07,"MMP2/HMOX1/FOS/TGFB2/NPY5R/MMP9/RGCC/PRKCA/IL6R/PDGFRB/ANGPT1/TGFB3/SIX1/CNN1/MIR21/GLI1/TBX2/EDN1/MYOCD/TPM1/STAT3/CCN4/TGFB1/CDH13/RUNX1/DDR2/BMP4/MIR145/KLF4/HTR1B/MEF2C/GJA1/PPARG",33
"GO:0009612","response to mechanical stimulus","33/984","182/15777",0.181318681318681,2.90717971053337,6.67425033087685,2.54574470647117e-08,6.08313028289761e-07,6.08313028289761e-07,"MMP2/ANKRD1/GDF5/MMP14/STRA6/TLR4/FOS/GATA4/FOSB/FAS/PRKCA/IRF1/PTGER4/TLR3/CHRNA9/KCNA1/EDN1/TGFB1/LTBR/RYR2/GSN/AQP1/FBN1/DDR2/COL1A1/TNFRSF8/CXCL12/PIEZO1/CASP8/CASP1/CD40/RCAN1/CALB1",33
"GO:0042310","vasoconstriction","18/984","63/15777",0.285714285714286,4.58101045296167,7.34514474362401,3.11166247549844e-08,7.20894798892127e-07,7.20894798892126e-07,"MMP2/TBXA2R/EDNRA/ADRA1A/CAV1/HTR1A/HTR7/BDKRB2/MIR21/ADM/EDN1/ITGB1/HRH1/EDN3/HTR1B/ITGA4/ECE1/AVPR1A",18
"GO:0035296","regulation of tube diameter","24/984","110/15777",0.218181818181818,3.49822616407982,6.78114518389268,5.51741743942092e-08,1.16580987007024e-06,1.16580987007024e-06,"MMP2/TBXA2R/F2RL1/EDNRA/ADRA1A/CAV1/HTR1A/HTR7/ADORA2B/BDKRB2/MIR21/ADM/EDN1/ITGB1/ADRB1/ITGA1/HRH1/KLF2/FBN1/EDN3/HTR1B/ITGA4/ECE1/AVPR1A",24
"GO:0007596","blood coagulation","33/984","188/15777",0.175531914893617,2.81439737934613,6.45461102469043,5.7433852296941e-08,1.20242248570293e-06,1.20242248570293e-06,"TBXA2R/CD9/F2RL1/F2RL2/TLR4/PLAT/TLN1/PEAR1/CAV1/PDGFRA/PDGFA/PRKCA/IL6R/ANGPT1/PLAUR/C1QTNF1/FN1/MYL12A/EDN1/MYL9/SERPINE1/PLAU/EMILIN2/COL3A1/F3/TFPI/THBD/PROCR/VCL/FAP/UBASH3B/CD40/F13A1",33
"GO:0001906","cell killing","27/984","135/15777",0.2,3.20670731707317,6.6409979766641,5.77276701366239e-08,1.20305518951393e-06,1.20305518951393e-06,"F2RL1/HLA-B/PRF1/KLRC4-KLRK1/CXCL14/KLRC2/KLRK1/CXCL1/KLRC4/C9/GBP1/C7/HLA-E/ULBP2/CXCL11/KLRC3/MICB/TGFB1/ICAM1/LGALS3/GZMA/GBP2/KLRC1/CXCL12/GBP3/CXCL8/CFH",27
"GO:0002274","myeloid leukocyte activation","31/984","170/15777",0.182352941176471,2.92376255380201,6.50405315319638,5.86187932766005e-08,1.21607351142911e-06,1.21607351142911e-06,"LCP2/DYSF/F2RL1/TLR4/IL1R1/IL31RA/DCSTAMP/UBD/IL4R/FN1/IL1RAP/IRGM/IL33/TGFBR2/ADGRE2/IL15/ADAM9/ANXA1/NMI/CSF1/RAC2/ZC3H12A/NPY/TLR1/CXCL6/MIR145/ANXA3/TLR6/IL16/BPI/CXCL8",31
"GO:0044057","regulation of system process","62/984","488/15777",0.127049180327869,2.03704768092763,6.00187525572327,6.47462977122558e-08,1.31920581588721e-06,1.31920581588721e-06,"MMP2/TBXA2R/F2RL1/SCN2B/S100B/TSHZ3/TGFB2/DES/KCND3/EDNRA/ADRA1A/CAV1/HTR1A/RGS4/GATA4/PRKCA/DSP/MGLL/FGF12/TBX18/TNFRSF21/C1QTNF1/CNN1/FBXO32/BDKRB2/MIR21/ADM/KCNA1/TBX2/EDN1/KCNE5/FABP5/KISS1/ITGB1/SLC1A1/MYOCD/ADRB1/KCNE4/TPM1/MYL9/MYL4/INHBA/SPP1/HRH1/ZC3H12A/DAB2/RYR2/SMAD7/STC1/AQP1/EDN3/APLNR/MIR145/KLF4/ITGA4/ECE1/CRHBP/AVPR1A/GJA1/PDE1C/PPARG/NPR3",62
"GO:0019058","viral life cycle","40/984","256/15777",0.15625,2.50524009146341,6.26229871203987,6.69824149722982e-08,1.35870107526031e-06,1.35870107526031e-06,"CD4/IFI16/TMPRSS2/ANPEP/TPCN1/PROX1/APOBEC3B/ISG15/CAV1/APOBEC3C/FURIN/OAS3/EGFR/OAS2/CLDN1/LRRC15/ITGB1/CCL2/IFITM3/PCSK5/MX1/OAS1/ICAM1/SHFL/BST2/TRIM38/IFIH1/ZC3H12A/ZC3HAV1/APOBEC3G/ITGAV/NRP1/IL32/CAV2/OASL/IFITM1/LRP4/CXCL8/ITGA5/LGALS1",40
"GO:0050817","coagulation","33/984","191/15777",0.172774869109948,2.77019218490614,6.34801049574804,8.49526965577115e-08,1.65694062858716e-06,1.65694062858716e-06,"TBXA2R/CD9/F2RL1/F2RL2/TLR4/PLAT/TLN1/PEAR1/CAV1/PDGFRA/PDGFA/PRKCA/IL6R/ANGPT1/PLAUR/C1QTNF1/FN1/MYL12A/EDN1/MYL9/SERPINE1/PLAU/EMILIN2/COL3A1/F3/TFPI/THBD/PROCR/VCL/FAP/UBASH3B/CD40/F13A1",33
"GO:0071216","cellular response to biotic stimulus","33/984","192/15777",0.171875,2.75576410060976,6.31293394841783,9.65822566225781e-08,1.85992160010737e-06,1.85992160010737e-06,"TBXA2R/ANKRD1/B2M/FZD5/TLR4/MMP9/ASS1/PRKCA/TICAM1/CASP7/CARD16/MIR21/IRGM/IL18R1/CCL2/ADAM9/SERPINE1/ZC3H12A/GBP2/TLR1/CXCL6/PDCD1LG2/CD274/AHR/CXCL5/MEF2C/CASP1/CD40/TLR6/GBP3/BPI/TNFSF4/CXCL8",33
"GO:0050886","endocrine process","19/984","75/15777",0.253333333333333,4.06182926829268,6.85491359206746,1.09083256745591e-07,2.07369242199236e-06,2.07369242199236e-06,"F2RL1/ANPEP/C1QTNF1/FOXD1/EDN1/TBX3/KISS1/PCSK5/INHBA/SPP1/DAB2/EDN3/ECE1/CRHBP/AVPR1A/GJA1/PDE1C/PPARG/MME",19
"GO:0001942","hair follicle development","13/984","36/15777",0.361111111111111,5.78988821138211,7.42041745060651,1.20070116737029e-07,2.21862353355385e-06,2.21862353355385e-06,"TGFB2/WNT10A/TRADD/PDGFA/APCDD1/RHBDF2/FST/INHBA/ALX4/KRT17/SPINK5/FERMT1/CDH3",13
"GO:0060021","roof of mouth development","13/984","36/15777",0.361111111111111,5.78988821138211,7.42041745060651,1.20070116737029e-07,2.21862353355385e-06,2.21862353355385e-06,"TBX1/TGFB2/FOXF2/LRRC32/TGFB3/WNT11/MSX1/OSR2/TGFBR2/INHBA/TCF21/OSR1/MSC",13
"GO:0141061","disruption of cell in another organism","15/984","49/15777",0.306122448979592,4.90822548531608,7.06657172848414,1.60226491321513e-07,2.85681674686302e-06,2.85681674686302e-06,"F2RL1/PRF1/CXCL14/CXCL1/C9/GBP1/C7/CXCL11/MICB/LGALS3/GZMA/GBP2/CXCL12/GBP3/CXCL8",15
"GO:0022405","hair cycle process","13/984","37/15777",0.351351351351351,5.63340474620962,7.27723846882088,1.74588476827014e-07,3.06469926245574e-06,3.06469926245574e-06,"TGFB2/WNT10A/TRADD/PDGFA/APCDD1/RHBDF2/FST/INHBA/ALX4/KRT17/SPINK5/FERMT1/CDH3",13
"GO:0051147","regulation of muscle cell differentiation","25/984","126/15777",0.198412698412698,3.18125725900116,6.33999602833662,2.0876282429766e-07,3.60906640187318e-06,3.60906640187318e-06,"TBX1/MMP14/TMEM119/PROX1/LAMB1/RGS4/LAMA2/NFATC2/MIR21/SIK1/EDN1/SHH/MYOCD/LAMC1/TGFB1/IGF2/BMP4/MIR145/PIEZO1/ENG/MEF2C/BHLHE41/RCAN1/HEY2/NFATC1",25
"GO:0070661","leukocyte proliferation","33/984","199/15777",0.165829145728643,2.65882767496017,6.07351110807433,2.30245454818591e-07,3.92104573056735e-06,3.92104573056736e-06,"CD4/F2RL1/IL2RB/GPNMB/NFATC2/PRNP/ZP4/ICOSLG/IRF1/TNFRSF21/MIR21/HLA-E/IL33/TGFBR2/SHH/IL15/IGF2/ANXA1/CSF1/GREM1/BST2/ELF4/LGALS3/RAC2/PDCD1LG2/CD274/BMP4/AHR/MEF2C/CD40/VCAM1/TNFSF4/NPR3",33
"GO:0001666","response to hypoxia","39/984","261/15777",0.149425287356322,2.39581581160639,5.86443735239404,3.23386258336853e-07,5.27119601089071e-06,5.27119601089071e-06,"MMP2/ANKRD1/PDLIM1/TWIST1/MMP14/S100B/FOS/TGFB2/RGCC/CAV1/OPRD1/STC2/TGFB3/MIR21/PMAIP1/EDN1/PGF/MYOCD/STAT3/PLOD1/INHBA/TGFB1/ADA/PLOD2/RYR2/LOXL2/EPAS1/STC1/AQP1/DDR2/NDRG1/CYGB/MIR145/CXCL12/PENK/ENG/VCAM1/PPARG/ITPR2",39
"GO:0001570","vasculogenesis","15/984","52/15777",0.288461538461538,4.625058630394,6.75288337327022,3.81899829548162e-07,6.09437350369864e-06,6.09437350369864e-06,"KDR/CAV1/RRAS/PDGFRB/DSP/ADM/TGFBR2/SHH/TGFB1/HAS2/ITGAV/NRP1/APLNR/ENG/HEY2",15
"GO:0051384","response to glucocorticoid","21/984","97/15777",0.216494845360825,3.47117802363591,6.29629025402416,4.25350606637994e-07,6.7173016217848e-06,6.7173016217848e-06,"TDO2/PCK1/S100B/FOS/ASS1/FOSB/PRKCA/CALCR/TBX2/EDN1/SERPINF1/CLDN1/ADAM9/TGFB1/ANXA1/KLF9/STC1/AQP1/AVPR1A/NR3C1/IGFBP7",21
"GO:0003158","endothelium development","23/984","114/15777",0.201754385964912,3.23483632862644,6.17630228727729,4.64873523700917e-07,7.26603685674995e-06,7.26603685674995e-06,"MET/S1PR3/F2RL1/KDR/PLCB1/CDH5/PROX1/EDNRA/FGF1/DSP/ACVRL1/MIR21/ADAMTS12/EDN1/CLDN1/ICAM1/FSTL1/STC1/FBN1/NRP1/VCL/BMP4/HEY2",23
"GO:0141060","disruption of anatomical structure in another organism","15/984","53/15777",0.283018867924528,4.53779337321675,6.65360095361273,5.02191561268312e-07,7.71717941289083e-06,7.71717941289083e-06,"F2RL1/PRF1/CXCL14/CXCL1/C9/GBP1/C7/CXCL11/MICB/LGALS3/GZMA/GBP2/CXCL12/GBP3/CXCL8",15
"GO:0030278","regulation of ossification","21/984","98/15777",0.214285714285714,3.43575783972125,6.23815032760241,5.10006632106956e-07,7.81097405683271e-06,7.81097405683271e-06,"ECM1/MGP/SIX2/GDF10/TWIST1/TMEM119/CCR1/SGMS2/ISG15/VDR/SRGN/OSR2/OSR1/GREM1/KREMEN1/SMAD7/DDR2/BMP4/MEF2C/ENPP1/LRP4",21
"GO:0010712","regulation of collagen metabolic process","13/984","41/15777",0.317073170731707,5.08380428316478,6.7527013791571,6.83463714321837e-07,1.01938836345257e-05,1.01938836345257e-05,"RGCC/IL6R/TGFB3/ITGB1/INHBA/TGFB1/CREB3L1/RUNX1/DDR2/CYGB/BMP4/FAP/MIR145",13
"GO:0060325","face morphogenesis","9/984","19/15777",0.473684210526316,7.59483311938382,7.41818964991232,7.19985766193536e-07,1.06343528702502e-05,1.06343528702502e-05,"TBX1/STRA6/TGFB2/RRAS/TGFB3/MSX1/PRICKLE1/TGFB1/CRISPLD2",9
"GO:0002831","regulation of response to biotic stimulus","59/984","488/15777",0.120901639344262,1.93848085765694,5.43142339656242,7.36791904413898e-07,1.08474782314356e-05,1.08474782314356e-05,"IFI16/DHX58/B2M/IKBKE/F2RL1/DTX3L/TLR4/PARP9/HLA-B/NLRP6/KLRC4-KLRK1/ISG15/PARP14/TRIM22/PRKCA/CTSS/KLRC2/RAB7B/KLRK1/TICAM1/OAS3/IRF1/KLRC4/CARD16/TLR3/EGFR/MIR21/HLA-E/IRGM/NLRC5/KLRC3/MICB/A2M/TGFB1/OAS1/EMILIN2/NLRP1/NMI/KCNK6/STING1/IFIH1/ZC3H12A/SPINK5/ZC3HAV1/STAT1/GBP2/KLRC1/TLR1/CD274/APOBEC3G/AHR/POLR3G/CASP8/CASP1/PPARG/OASL/TLR6/SLAMF8/CFH",59
"GO:0060324","face development","10/984","24/15777",0.416666666666667,6.68064024390244,7.18272335788048,7.46811395704582e-07,1.09596373311759e-05,1.09596373311759e-05,"TBX1/STRA6/TGFB2/EDNRA/RRAS/TGFB3/MSX1/PRICKLE1/TGFB1/CRISPLD2",10
"GO:0070663","regulation of leukocyte proliferation","29/984","171/15777",0.169590643274854,2.7191377834831,5.82949331641537,7.62169341262662e-07,1.11491694664192e-05,1.11491694664192e-05,"CD4/IL2RB/GPNMB/NFATC2/PRNP/ZP4/ICOSLG/IRF1/TNFRSF21/MIR21/HLA-E/IL33/TGFBR2/SHH/IL15/IGF2/ANXA1/CSF1/GREM1/BST2/LGALS3/RAC2/PDCD1LG2/CD274/BMP4/AHR/MEF2C/VCAM1/TNFSF4",29
"GO:0008217","regulation of blood pressure","24/984","128/15777",0.1875,3.0062881097561,5.87790900112659,1.07212121181276e-06,1.49181744229068e-05,1.49181744229068e-05,"TBXA2R/F2RL1/ANPEP/EDNRA/ADRA1A/ERAP2/ACVRL1/ADM/EDN1/ADRB1/TPM1/PCSK5/EMILIN2/ADAMTS16/NPY/COL1A2/EDN3/ENG/ECE1/AVPR1A/PDE1C/PPARG/NPR3/MME",24
"GO:0048660","regulation of smooth muscle cell proliferation","25/984","137/15777",0.182481751824818,2.92582784404486,5.83884894827307,1.08927684788845e-06,1.50919732832314e-05,1.50919732832314e-05,"MMP2/HMOX1/NPY5R/MMP9/RGCC/PRKCA/IL6R/PDGFRB/TGFB3/CNN1/MIR21/EDN1/MYOCD/TPM1/CCN4/TGFB1/CDH13/DDR2/BMP4/MIR145/KLF4/HTR1B/MEF2C/GJA1/PPARG",25
"GO:0001649","osteoblast differentiation","31/984","194/15777",0.15979381443299,2.5620599698265,5.64600036774653,1.21416281789641e-06,1.65416092563559e-05,1.65416092563559e-05,"GDF10/RUNX2/TWIST1/TMEM119/PTHLH/SNAI2/IL6R/SP7/MIR675/ITGA11/TNFAIP6/MIR21/GLI1/CCN4/SPP1/IGF2/TWIST2/MSX2/GREM1/CREB3L1/DLX5/DDR2/COL1A1/HGF/BMP4/TNC/PENK/PANX3/MEF2C/PPARG/IFITM1",31
"GO:0016485","protein processing","31/984","195/15777",0.158974358974359,2.54892120075047,5.61310154835568,1.35937220306169e-06,1.8247572749334e-05,1.8247572749334e-05,"TMPRSS2/ANPEP/MMP14/ADAM19/S100A10/PLAT/PCSK7/FURIN/CTSS/PRNP/ANXA2P2/PLAUR/ANXA2/SRGN/BACE2/SHH/PCSK5/ADAM9/SERPINE1/CASP4/PLAU/MAFB/F3/THBD/RUNX1/GSN/CASP8/ECE1/CASP1/C1S/MME",31
"GO:0140888","interferon-mediated signaling pathway","18/984","81/15777",0.222222222222222,3.5630081300813,5.96438772332624,1.88587609323065e-06,2.4147852440558e-05,2.4147852440558e-05,"IKBKE/PARP9/ISG15/PARP14/OAS3/IRF1/MIR21/IRGM/OAS2/IFITM3/NLRC5/OAS1/STING1/STAT1/PPARG/OASL/IFITM1/SP100",18
"GO:1901654","response to ketone","28/984","172/15777",0.162790697674419,2.61011060692002,5.47590515494764,2.71353828112253e-06,3.34718613920087e-05,3.34718613920087e-05,"TBXA2R/TDO2/PCK1/MMP14/POSTN/FOS/TGFB2/CAV1/ASS1/FOSB/PRKCA/TGFB3/PTGER4/HOXB13/TBX2/EDN1/SERPINF1/CLDN1/INHBA/SPP1/TGFB1/KLF9/AQP1/AHR/AVPR1A/NR3C1/IGFBP7/TNFSF4",28
"GO:0044703","multi-organism reproductive process","23/984","130/15777",0.176923076923077,2.83670262664165,5.42329028988468,5.0083200922384e-06,5.86101869255796e-05,5.86101869255796e-05,"MMP2/ARHGDIB/FOS/PTHLH/FOSB/UPRT/STC2/VDR/PAPPA/COL16A1/MIR21/EDN1/PCSK5/TIMP1/SPP1/TGFB1/ACVR1C/STC1/CRHBP/AVPR1A/GJA1/IGFBP7/ITGA5",23
"GO:0010463","mesenchymal cell proliferation","9/984","23/15777",0.391304347826087,6.27399257688229,6.52793589606974,5.07313937398787e-06,5.86172357034953e-05,5.86172357034953e-05,"TBX1/PDGFA/MSX1/TBX2/TGFBR2/SHH/OSR1/STAT1/BMP4",9
"GO:0010755","regulation of plasminogen activation","8/984","18/15777",0.444444444444444,7.1260162601626,6.7068399005545,5.54921028253373e-06,6.36346626368944e-05,6.36346626368944e-05,"S100A10/PLAT/ANXA2P2/PLAUR/ANXA2/SERPINE1/PLAU/RUNX1",8
"GO:0007204","positive regulation of cytosolic calcium ion concentration","23/984","131/15777",0.175572519083969,2.81504840811767,5.38009651433168,5.72292449873055e-06,6.54622240907424e-05,6.54622240907424e-05,"CD4/TBXA2R/S1PR3/F2RL1/CCR1/EDNRA/ADRA1A/CAV1/C3AR1/CALCR/PTGER4/C1QTNF1/CHRNA9/BDKRB2/EDN1/CCL2/RYR2/NPY/ITGAV/CMKLR1/CYSLTR1/AVPR1A/CXCL8",23
"GO:0072577","endothelial cell apoptotic process","13/984","49/15777",0.26530612244898,4.25379542060727,5.88327843823855,6.38695737383817e-06,7.17982104783187e-05,7.17982104783187e-05,"KDR/CDH5/RGCC/ANGPT1/CCL2/GATA3/ECSCR/SERPINE1/TGFB1/ICAM1/F3/ITGA4/CD40",13
"GO:0044706","multi-multicellular organism process","23/984","132/15777",0.174242424242424,2.79372228381375,5.33730786980246,6.52901000519596e-06,7.32147461024923e-05,7.32147461024923e-05,"MMP2/ARHGDIB/FOS/PTHLH/FOSB/UPRT/STC2/VDR/PAPPA/COL16A1/MIR21/EDN1/PCSK5/TIMP1/SPP1/TGFB1/ACVR1C/STC1/CRHBP/AVPR1A/GJA1/IGFBP7/ITGA5",23
"GO:0042098","T cell proliferation","22/984","124/15777",0.17741935483871,2.84465971675846,5.31858596505139,7.62900914521867e-06,8.41033761806232e-05,8.41033761806232e-05,"CD4/GPNMB/PRNP/ZP4/ICOSLG/IRF1/TNFRSF21/MIR21/HLA-E/TGFBR2/SHH/IL15/IGF2/ANXA1/ELF4/LGALS3/RAC2/PDCD1LG2/CD274/BMP4/VCAM1/TNFSF4",22
"GO:0042445","hormone metabolic process","27/984","173/15777",0.15606936416185,2.5023438601438,5.12439143419568,9.13214332703519e-06,9.80684756343262e-05,9.80684756343262e-05,"SULT1A1/ANPEP/PCSK7/ALDH1A3/STC2/FURIN/PLB1/CTSK/PAX8/CPA4/UGT2B7/HSD17B2/RPE65/BACE2/ADM/SHH/GATA3/PCSK5/SPP1/BMP5/DAB2/ALDH1A1/PAPSS2/ECE1/CYP1B1/DKK3/MME",27
"GO:0001890","placenta development","14/984","58/15777",0.241379310344828,3.87016400336417,5.6477585609976,9.41194630277245e-06,0.000100599819498486,0.000100599819498486,"TFEB/ADAM19/PLAC1/STC2/VDR/PHLDA2/SPP1/IGF2/BMP5/STC1/CASP8/PPARG/HEY2/MME",14
"GO:0060760","positive regulation of response to cytokine stimulus","14/984","58/15777",0.241379310344828,3.87016400336417,5.6477585609976,9.41194630277245e-06,0.000100599819498486,0.000100599819498486,"IKBKE/TLR4/PARP9/NLRP6/PARP14/IRGM/EDN1/NLRC5/CASP4/STING1/CSF1/IFIH1/CASP1/CD40",14
"GO:0035050","embryonic heart tube development","13/984","52/15777",0.25,4.00838414634146,5.60412102356287,1.29694541667967e-05,0.00013514289684306,0.00013514289684306,"MICAL2/EDNRA/GATA4/TBX2/EDN1/TGFBR2/SHH/RYR2/APLNR/ENG/ECE1/PITX2/MEF2C",13
"GO:0071260","cellular response to mechanical stimulus","15/984","68/15777",0.220588235294118,3.53680954088953,5.40674538586826,1.4765280682583e-05,0.000148914250615883,0.000148914250615883,"ANKRD1/TLR4/FAS/IRF1/PTGER4/TLR3/TGFB1/LTBR/AQP1/COL1A1/TNFRSF8/PIEZO1/CASP8/CASP1/CD40",15
"GO:0071496","cellular response to external stimulus","15/984","68/15777",0.220588235294118,3.53680954088953,5.40674538586826,1.4765280682583e-05,0.000148914250615883,0.000148914250615883,"ANKRD1/TLR4/FAS/IRF1/PTGER4/TLR3/TGFB1/LTBR/AQP1/COL1A1/TNFRSF8/PIEZO1/CASP8/CASP1/CD40",15
"GO:0032609","type II interferon production","18/984","93/15777",0.193548387096774,3.10326514555468,5.24656372019563,1.47816698403356e-05,0.000148914250615883,0.000148914250615883,"FZD5/F2RL1/TLR4/ISG15/IL1R1/PRNP/TLR3/IRGM/IL18R1/IL33/INHBA/PSMB8/ZC3H12A/PDCD1LG2/CD274/PSMB9/BTN3A2/TNFSF4",18
"GO:0034329","cell junction assembly","53/984","465/15777",0.113978494623656,1.82747836349331,4.67127066902996,1.49585585073267e-05,0.00014971680049877,0.00014971680049877,"TRIM47/CD9/CDH1/CDH11/AMIGO2/FZD5/MMP14/KDR/PCDHB5/S100A10/CDH5/TLN1/CAV1/SNAI2/PRKCA/NTM/POU4F1/PLXND1/IL1RAPL2/CLDN11/VMP1/COL16A1/FN1/DLC1/GJB2/THBS2/IL1RAP/ACVRL1/CLDN1/LRRC15/PRICKLE1/PRKCH/LAMC1/EGFLAM/CSMD2/ABI3/ZNF703/GPC4/ACTN1/CDH13/GREM1/SMAD7/NRP1/CCDC141/NPTX1/APLNR/VCL/SRPX2/MEF2C/GJA1/CDH3/LRP4/DOCK10",53
"GO:0001934","positive regulation of protein phosphorylation","29/984","198/15777",0.146464646464646,2.34834626755358,4.92415951464384,1.51864558541166e-05,0.000151665174000412,0.000151665174000412,"LCP2/TBX1/KDR/PARP9/MMP9/FGF1/PARP14/IL31RA/PDGFRB/ANGPT1/PLAUR/IL4R/IL13RA1/BANK1/TLR3/EGFR/IRGM/IL15/TNFSF15/FLT1/LTBR/NIBAN1/CASS4/FGF19/DDR2/FGF18/BMP4/TLR6/CRIPTO",29
"GO:2000630","positive regulation of miRNA metabolic process","14/984","61/15777",0.229508196721311,3.67982806877249,5.40839880889725,1.75310791672755e-05,0.000170600949508412,0.000170600949508412,"FOSL1/FOS/DNM3OS/TGFB2/EGFR/ETS1/MYOCD/GATA3/STAT3/TGFB1/ZC3H12A/KLF4/NR3C1/PPARG",14
"GO:0048589","developmental growth","43/984","353/15777",0.121813031161473,1.95309369170179,4.67081115643785,1.94734667663466e-05,0.000187900427741239,0.000187900427741239,"CD9/CDH1/TRPV2/S100B/STRA6/PLCB1/TGFB2/PROX1/EDNRA/FGF1/KIF26B/RGS4/GATA4/CHRNA1/SIX1/TNFAIP6/POU4F2/GLI1/TBX2/EDN1/PRICKLE1/FBLN5/RARG/ALCAM/SPP1/ACVR1C/IGF2/ANXA1/COL3A1/NPY/RUNX1/SMAD7/STC1/DDR2/SPAAR/NRP1/EDN3/BMP4/CXCL12/ITGA4/MEF2C/LRP4/CPNE8",43
"GO:0060688","regulation of morphogenesis of a branching structure","10/984","33/15777",0.303030303030303,4.85864745011086,5.72271870834356,2.10470318520366e-05,0.000201803893640115,0.000201803893640115,"SIX2/PDGFA/PAX8/SIX1/TGFB1/GDNF/GREM1/HGF/BMP4/SULF1",10
"GO:0045088","regulation of innate immune response","48/984","412/15777",0.116504854368932,1.86798484489699,4.60428647791279,2.13186148552967e-05,0.000203127678913516,0.000203127678913516,"IFI16/DHX58/B2M/IKBKE/F2RL1/TLR4/PARP9/HLA-B/NLRP6/KLRC4-KLRK1/ISG15/PARP14/CTSS/KLRC2/RAB7B/KLRK1/TICAM1/OAS3/IRF1/KLRC4/TLR3/EGFR/MIR21/HLA-E/IRGM/NLRC5/KLRC3/A2M/TGFB1/OAS1/NLRP1/NMI/KCNK6/STING1/IFIH1/ZC3HAV1/GBP2/KLRC1/TLR1/CD274/POLR3G/CASP8/CASP1/PPARG/OASL/TLR6/SLAMF8/CFH",48
"GO:0003012","muscle system process","49/984","424/15777",0.115566037735849,1.85293229406351,4.59164951855194,2.17285456075543e-05,0.000206052395188207,0.000206052395188207,"SCN2B/HMOX1/DES/KCND3/EDNRA/ADRA1A/CAV1/RGS4/GATA4/CHRNA1/IL1R1/PRKCA/PDGFRB/HTR7/DSP/FGF12/SNTB1/CNN1/FBXO32/BDKRB2/MIR21/KCNA1/EDN1/KCNE5/MYOCD/KCNE4/TPM1/MYL9/MYL4/GDNF/ACTA2/CALD1/ZC3H12A/MYOF/RYR2/SMAD7/STC1/GSN/EDN3/APLNR/MIR145/KLF4/GJA1/SULF1/MYL1/PPARG/RCSD1/SSPN/NPR3",49
"GO:1904645","response to amyloid-beta","12/984","47/15777",0.25531914893617,4.09366891541256,5.47805351660195,2.21222606012482e-05,0.00020732237655872,0.00020732237655872,"MMP2/TLR4/MMP9/CALCR/PRNP/MMP13/CASP4/ICAM1/ITGA4/GJA1/VCAM1/TLR6",12
"GO:0071385","cellular response to glucocorticoid stimulus","11/984","40/15777",0.275,4.40922256097561,5.56791050928503,2.27244113268357e-05,0.000211230576976942,0.000211230576976942,"PCK1/ASS1/TBX2/EDN1/SERPINF1/TGFB1/ANXA1/KLF9/STC1/AQP1/NR3C1",11
"GO:0060973","cell migration involved in heart development","7/984","16/15777",0.4375,7.01467225609756,6.20794618513126,2.49718772244939e-05,0.000229319210568592,0.000229319210568592,"EDNRA/SNAI2/PDGFRB/EDN1/SEMA3C/BMP4/PITX2",7
"GO:0034103","regulation of tissue remodeling","14/984","63/15777",0.222222222222222,3.5630081300813,5.25708202805231,2.59052961706857e-05,0.000235991560325368,0.000235991560325368,"TMEM119/GPNMB/PRKCA/DCSTAMP/TMBIM1/KISS1/IL15/SPP1/TGFB1/GREM1/RUNX1/DDR2/UBASH3B/PPARG",14
"GO:0001894","tissue homeostasis","26/984","174/15777",0.149425287356322,2.39581581160639,4.77492498285858,2.90318429779667e-05,0.00026186033863921,0.00026186033863921,"TMEM119/TLR4/CDH5/LAMA2/PRKCA/ANGPT1/DCSTAMP/FOXC1/RPE65/TFF3/KISS1/CLDN1/ITGB1/SLC1A1/PRICKLE1/LAMC1/SERPINA3/SPP1/COL3A1/RAC2/FREM2/VCL/ALDH1A1/UBASH3B/GJA1/CDH3",26
"GO:0032526","response to retinoic acid","17/984","90/15777",0.188888888888889,3.02855691056911,4.97744387923583,3.52574590408063e-05,0.000308266366019617,0.000308266366019617,"MMP2/BRINP3/TBX1/WNT11/HSD17B2/TBX2/SERPINF1/MICB/RARG/OSR1/PAX2/AQP1/COL1A1/KLF4/FZD10/IGFBP7/SP100",17
"GO:0042327","positive regulation of phosphorylation","30/984","218/15777",0.137614678899083,2.20644998881181,4.62609555884157,3.69205605142733e-05,0.000320352544082022,0.000320352544082022,"LCP2/TBX1/KDR/PARP9/MMP9/FGF1/PARP14/IL31RA/PDGFRB/ANGPT1/PLAUR/IL4R/IL13RA1/BANK1/TLR3/EGFR/IRGM/IL15/TNFSF15/FLT1/LTBR/NIBAN1/CASS4/FGF19/DDR2/FGF18/NRP1/BMP4/TLR6/CRIPTO",30
"GO:0051402","neuron apoptotic process","29/984","209/15777",0.138755980861244,2.22474909557708,4.59697062309309,4.244166770313e-05,0.000363421709938246,0.000363421709938246,"MMP2/FOXB1/GDF5/NTF3/KDR/TFAP2B/TGFB2/FAS/POU4F1/PLXND1/TGFB3/PRNP/CASP7/TNFRSF21/SIX1/TMBIM1/SLC1A1/CCL2/SEMA3E/STAT3/ITGA1/CASP4/NLRP1/GDNF/NRP1/CASP8/MEF2C/CASP1/MAP3K5",29
"GO:0006968","cellular defense response","9/984","29/15777",0.310344827586207,4.97592514718251,5.52703690980113,4.42461273007238e-05,0.000373961712963895,0.000373961712963895,"FOSL1/PRF1/LGALS3BP/KLRC2/IL33/ITGB1/KLRC3/DCDC2/LSP1",9
"GO:1904888","cranial skeletal system development","9/984","29/15777",0.310344827586207,4.97592514718251,5.52703690980113,4.42461273007238e-05,0.000373961712963895,0.000373961712963895,"TBX1/TWIST1/TGFB2/EDNRA/PDGFRA/SIX1/TGFBR2/TGFB1/MSX2",9
"GO:0090594","inflammatory response to wounding","8/984","23/15777",0.347826086956522,5.57688229056204,5.66508082085847,4.69729166095668e-05,0.000391927589407793,0.000391927589407793,"TLR4/HMOX1/TLR3/MIR21/IL33/STAT3/TGFB1/PPARG",8
"GO:0042698","ovulation cycle","11/984","43/15777",0.255813953488372,4.10160238230289,5.25253126102458,4.7583831013822e-05,0.000394142658343164,0.000394142658343164,"MMP2/GDF10/TGFB2/NPY5R/PDGFRA/TGFB3/TNFAIP6/CA12/SERPINF1/INHBA/HAS2",11
"GO:0061053","somite development","10/984","36/15777",0.277777777777778,4.45376016260163,5.35050945862966,4.86995021431473e-05,0.00039833719010736,0.00039833719010736,"FOXB1/FOXC2/TBX18/SIX1/FOXC1/CDX1/SHH/MEOX2/SEMA3C/MEOX1",10
"GO:0045667","regulation of osteoblast differentiation","19/984","111/15777",0.171171171171171,2.74447923533289,4.75681325518733,5.2344872503334e-05,0.00042509252331889,0.00042509252331889,"GDF10/RUNX2/TWIST1/TMEM119/SNAI2/IL6R/MIR675/TNFAIP6/MIR21/GLI1/CCN4/TWIST2/GREM1/DDR2/HGF/BMP4/MEF2C/PPARG/IFITM1",19
"GO:1901655","cellular response to ketone","16/984","85/15777",0.188235294117647,3.0180774748924,4.81145044844854,6.20799186939152e-05,0.000493708661002147,0.000493708661002147,"PCK1/MMP14/POSTN/FOS/ASS1/PTGER4/TBX2/SERPINF1/SPP1/TGFB1/KLF9/AQP1/AHR/NR3C1/IGFBP7/TNFSF4",16
"GO:1902895","positive regulation of miRNA transcription","12/984","53/15777",0.226415094339623,3.6302346985734,4.94673663847724,7.98555736028063e-05,0.000617730233768149,0.000617730233768149,"FOSL1/FOS/TGFB2/EGFR/ETS1/MYOCD/GATA3/STAT3/TGFB1/KLF4/NR3C1/PPARG",12
"GO:0031341","regulation of cell killing","14/984","70/15777",0.2,3.20670731707317,4.77216007042562,8.90358916202041e-05,0.00068641859688279,0.00068641859688279,"F2RL1/HLA-B/PRF1/KLRC4-KLRK1/KLRC2/KLRK1/KLRC4/HLA-E/ULBP2/KLRC3/TGFB1/ICAM1/KLRC1/CFH",14
"GO:0019885","antigen processing and presentation of endogenous peptide antigen via MHC class I","7/984","19/15777",0.368421052631579,5.90709242618742,5.51973667690135,9.31981149343653e-05,0.000706571755083792,0.000706571755083792,"TAP2/B2M/HLA-B/ERAP2/HLA-E/ULBP2/TAP1",7
"GO:0070141","response to UV-A","6/984","14/15777",0.428571428571429,6.87151567944251,5.66842851937138,0.000112764815061721,0.000836270296470504,0.000836270296470504,"MMP2/MMP9/EGFR/MMP1/TIMP1/MME",6
"GO:0061614","miRNA transcription","14/984","72/15777",0.194444444444444,3.11763211382114,4.64478548849416,0.000122545601749475,0.00090501314948965,0.00090501314948965,"TWIST1/FOSL1/FOS/TGFB2/EGFR/ETS1/MYOCD/GATA3/STAT3/TGFB1/BMP4/KLF4/NR3C1/PPARG",14
"GO:0007610","behavior","41/984","360/15777",0.113888888888889,1.82604166666667,4.08903791823576,0.000137896504980461,0.00100536685100771,0.00100536685100771,"GPR176/FOXB1/B2M/TBX1/S100B/STRA6/PLCB1/FOS/NPY5R/HTR1A/OPRD1/FOSB/PRKCA/PRNP/KCNA2/CCK/GRPR/EGFR/SERPINF1/SLC1A1/PLK2/ADRB1/SLC6A1/STAT3/GDNF/ADA/SEZ6/NPY/CXCL12/PENK/HTR1B/NPY1R/SRPX2/MEF2C/CRHBP/AVPR1A/NR3C1/ATXN1/CALB1/MME/RASGRF1",41
"GO:0070269","pyroptotic inflammatory response","9/984","34/15777",0.264705882352941,4.24417144906743,4.88390691692956,0.000174713810195626,0.00124787766781352,0.00124787766781352,"NLRP6/GBP1/CASP4/NLRP1/GZMA/GBP2/CASP8/CASP1/GBP3",9
"GO:0003228","atrial cardiac muscle tissue development","6/984","15/15777",0.4,6.41341463414634,5.40977409562929,0.000178044194540463,0.00126572228019108,0.00126572228019108,"PROX1/EDNRA/TBX18/TBX3/BMP4/ENG",6
"GO:0002053","positive regulation of mesenchymal cell proliferation","5/984","10/15777",0.5,8.01676829268293,5.72440656473462,0.00018077445482465,0.00127717432170232,0.00127717432170232,"TBX1/PDGFA/TGFBR2/SHH/STAT1",5
"GO:1901888","regulation of cell junction assembly","31/984","252/15777",0.123015873015873,1.97237950058072,4.0131752938628,0.000228059783311611,0.00156521030230706,0.00156521030230706,"TRIM47/AMIGO2/MMP14/KDR/S100A10/TLN1/CAV1/SNAI2/PRKCA/NTM/IL1RAPL2/COL16A1/DLC1/THBS2/IL1RAP/ACVRL1/CLDN1/LRRC15/PRICKLE1/PRKCH/ABI3/GPC4/GREM1/NRP1/CCDC141/APLNR/VCL/SRPX2/MEF2C/LRP4/DOCK10",31
"GO:0002526","acute inflammatory response","13/984","69/15777",0.188405797101449,3.0208112407211,4.33868097479436,0.000294473046834557,0.00196353191797741,0.00196353191797741,"NLRP6/NPY5R/ASS1/IL6R/FN1/HLA-E/GATA3/STAT3/SERPINA3/F3/NPY/OSMR/TNFSF4",13
"GO:0002367","cytokine production involved in immune response","14/984","78/15777",0.17948717948718,2.87781425891182,4.28777322990367,0.000296228642092751,0.00196795854805141,0.00196795854805141,"B2M/FZD5/F2RL1/TGFB2/IL1R1/TGFB3/TICAM1/HLA-E/IL18R1/TGFB1/JAK3/BST2/SMAD7/TNFSF4",14
"GO:0006518","peptide metabolic process","11/984","52/15777",0.211538461538462,3.39170966228893,4.45535867385551,0.000298324726991598,0.00197900298545008,0.00197900298545008,"ANPEP/LANCL3/ERAP2/FURIN/CPA4/GGT5/SLC1A1/PCSK5/SPINK5/ECE1/MME",11
"GO:0001765","membrane raft assembly","5/984","11/15777",0.454545454545455,7.2879711751663,5.38039292613738,0.000314408539335977,0.00206172496196752,0.00206172496196752,"S100A10/CAV1/ANXA2/IQGAP1/CAV2",5
"GO:0071492","cellular response to UV-A","5/984","11/15777",0.454545454545455,7.2879711751663,5.38039292613738,0.000314408539335977,0.00206172496196752,0.00206172496196752,"MMP2/MMP9/MMP1/TIMP1/MME",5
"GO:0031579","membrane raft organization","7/984","23/15777",0.304347826086957,4.87977200424178,4.8022257456472,0.000363858744648146,0.00235887970252008,0.00235887970252008,"COLEC12/S100A10/CAV1/ANXA2/IQGAP1/GSN/CAV2",7
"GO:0060986","endocrine hormone secretion","10/984","45/15777",0.222222222222222,3.5630081300813,4.44050272809624,0.00036627378338895,0.00237116815232223,0.00237116815232223,"C1QTNF1/FOXD1/TBX3/KISS1/INHBA/SPP1/DAB2/CRHBP/GJA1/PPARG",10
"GO:0031032","actomyosin structure organization","24/984","181/15777",0.132596685082873,2.12599380137448,3.92949321558703,0.000376361270736349,0.0024330210193211,0.0024330210193211,"ANKRD1/PDLIM1/MYBPC2/SYNPO/S100A10/PROX1/RGCC/MYOM1/PDGFRA/PDGFRB/TGFB3/PTGER4/CNN1/DLC1/MYO18B/MIR21/EDN1/TPM1/MYL9/GPR65/KRT8/ARHGAP28/IQGAP1/NRP1",24
"GO:0009410","response to xenobiotic stimulus","36/984","318/15777",0.113207547169811,1.8151173492867,3.78713570662995,0.000386431395946917,0.0024840463254954,0.00248404632549539,"MMP2/SLCO1B1/TBXA2R/ANKRD1/CDH1/SULT1A1/TFAP2B/FOS/ADRA1A/GATA4/ASS1/FOSB/NQO1/AHRR/NFATC2/LOX/UGT2B7/EDN1/TGFBR2/PRICKLE1/GATA3/TGFB1/SLCO2B1/SLCO1A2/CDH13/ADA/SEMA3C/CBR3/FBN1/ACSL1/COL1A1/AHR/HTR1B/MEF2C/CRHBP/CYP1B1",36
"GO:0010586","miRNA metabolic process","16/984","99/15777",0.161616161616162,2.59127864005913,4.09624920269314,0.00039301235425519,0.00250853965388427,0.00250853965388427,"TWIST1/FOSL1/FOS/DNM3OS/TGFB2/EGFR/ETS1/MYOCD/GATA3/STAT3/TGFB1/ZC3H12A/BMP4/KLF4/NR3C1/PPARG",16
"GO:0071280","cellular response to copper ion","6/984","17/15777",0.352941176470588,5.65889526542324,4.95675177607187,0.000395188433642153,0.00250853965388427,0.00250853965388427,"PRNP/PRND/MT2A/MT1F/AQP1/MT1E",6
"GO:0044409","symbiont entry into host","18/984","119/15777",0.151260504201681,2.42524082803853,4.02495899763926,0.00040510880700241,0.00256793971549861,0.00256793971549861,"CD4/TMPRSS2/ANPEP/TPCN1/CAV1/FURIN/EGFR/CLDN1/ITGB1/ICAM1/TRIM38/ITGAV/NRP1/CAV2/LRP4/CXCL8/ITGA5/LGALS1",18
"GO:0032970","regulation of actin filament-based process","39/984","355/15777",0.109859154929577,1.76143077980076,3.74233037933623,0.000413600163913968,0.00261812919293114,0.00261812919293114,"TMSB4X/SYNPO/F2RL1/S100A10/TGFB2/PROX1/RGCC/CAV1/RGS4/PDGFRA/GATA4/PDGFA/PDGFRB/TGFB3/DSP/PTGER4/DLC1/KANK4/SYNPO2/MIR21/EDN1/ARHGAP18/TPM1/GPR65/ACTA2/GRHL3/BST2/ARHGAP28/RAC2/RYR2/STC1/IQGAP1/GSN/NRP1/CXCL12/FZD10/BST1/MYO3B/CAPG",39
"GO:0034446","substrate adhesion-dependent cell spreading","15/984","90/15777",0.166666666666667,2.67225609756098,4.10319317833904,0.000421494619646156,0.0026620393404577,0.0026620393404577,"S100A10/LAMB1/FN1/GBP1/LAMC3/SPRY4/LAMC1/TGFB1I1/CASS4/DAB2/HAS2/ITGAV/NRP1/LAMB3/ITGA4",15
"GO:0071453","cellular response to oxygen levels","22/984","161/15777",0.136645962732919,2.1909180427208,3.91721836768203,0.000426872390789392,0.00268723529870729,0.00268723529870729,"ANKRD1/TWIST1/S100B/FOS/RGCC/CAV1/OPRD1/FAS/STC2/MIR21/PMAIP1/EDN1/STAT3/INHBA/TGFB1/EPAS1/STC1/AQP1/DDR2/NDRG1/MIR145/PPARG",22
"GO:1990845","adaptive thermogenesis","21/984","151/15777",0.139072847682119,2.22982959134227,3.91631279564608,0.00045008028287371,0.00281392659045974,0.00281392659045974,"TRPV2/S100B/TLR4/CAV1/FOXC2/PTH2R/IL4R/IL18R1/FABP5/ADRB1/IL15/SLC25A5/LAMA4/EPAS1/ACSL1/CMKLR1/ALDH1A1/FABP4/GJA1/STAT6/NPR3",21
"GO:0007584","response to nutrient","20/984","141/15777",0.141843971631206,2.27426050856253,3.91988042024998,0.000470576687120696,0.0029380465116537,0.0029380465116537,"CD4/TBXA2R/POSTN/GATA4/ASS1/SNAI2/STC2/VDR/CDKN2B/SPP1/TGFB1/KYNU/STC1/ACSL1/COL1A1/PENK/CD40/VCAM1/PPARG/PLD1",20
"GO:0033622","integrin activation","7/984","24/15777",0.291666666666667,4.67644817073171,4.64857991637414,0.000486249148454025,0.00300303262996505,0.00300303262996505,"TLN1/COL16A1/PTGER4/FN1/CXCL12/PIEZO1/FERMT1",7
"GO:0033687","osteoblast proliferation","7/984","24/15777",0.291666666666667,4.67644817073171,4.64857991637414,0.000486249148454025,0.00300303262996505,0.00300303262996505,"TMEM119/MIR675/OSR2/FBLN5/GREM1/ITGAV/NPR3",7
"GO:0043331","response to dsRNA","7/984","24/15777",0.291666666666667,4.67644817073171,4.64857991637414,0.000486249148454025,0.00300303262996505,0.00300303262996505,"TICAM1/OAS3/TLR3/PMAIP1/OAS1/STING1/IFIH1",7
"GO:0051099","positive regulation of binding","9/984","39/15777",0.230769230769231,3.7000469043152,4.35408307526146,0.000532741834679247,0.00318667592854009,0.00318667592854009,"DTX3L/PARP9/MMP9/POU4F1/PLAUR/FOXC1/POU4F2/GATA3/BMP4",9
"GO:0071402","cellular response to lipoprotein particle stimulus","9/984","39/15777",0.230769230769231,3.7000469043152,4.35408307526146,0.000532741834679247,0.00318667592854009,0.00318667592854009,"CD9/TLR4/TICAM1/ITGB1/TGFB1/CDH13/APOB/PPARG/TLR6",9
"GO:0042634","regulation of hair cycle","6/984","18/15777",0.333333333333333,5.34451219512195,4.75642677088097,0.000561682466405798,0.00333791507379696,0.00333791507379696,"TGFB2/TRADD/FST/KRT17/FERMT1/CDH3",6
"GO:0071404","cellular response to low-density lipoprotein particle stimulus","8/984","32/15777",0.25,4.00838414634146,4.39344119049011,0.000609997772018531,0.0036109336335831,0.0036109336335831,"CD9/TLR4/TICAM1/ITGB1/TGFB1/CDH13/PPARG/TLR6",8
"GO:0043269","regulation of monoatomic ion transport","36/984","326/15777",0.110429447852761,1.77057459224899,3.62587692316021,0.000616377432380892,0.00364397228158859,0.00364397228158859,"FXYD5/CD4/B2M/SCN2B/PLPP4/TRPV2/CCR1/MMP9/EDNRA/CAV1/HTR1A/RGS4/OPRD1/PDGFRB/CTSS/PRNP/FGF12/VMP1/MIR21/SIK1/EDN1/KCNE5/KCNG1/CCL2/CXCL11/OSR1/TGFB1/LGALS3/RYR2/STC1/LRRC55/APLNR/CXCL12/UBASH3B/HTR1B/STOM",36
"GO:1903530","regulation of secretion by cell","47/984","463/15777",0.101511879049676,1.62759442659221,3.5350301455022,0.000669275136386958,0.00393630376606969,0.00393630376606968,"RAB27B/NNAT/ANKRD1/DYSF/F2RL1/TLR4/TFAP2B/S100A10/TGFB2/NPY5R/RGCC/HTR1A/PRKCA/IL6R/KLRC2/TGFB3/KCNA2/ANXA2/PAX8/RHBDF2/C1QTNF1/EDN1/KISS1/ADGRE2/ADAM9/INHBA/SPP1/TGFB1/ANXA1/GDNF/PRKCB/RAC2/MYOF/MCTP2/DAB2/NPY/ACSL4/EDN3/SYTL4/CXCL12/HTR1B/MEF2C/CRHBP/AVPR1A/GJA1/PDE1C/PPARG",47
"GO:0046209","nitric oxide metabolic process","13/984","75/15777",0.173333333333333,2.77914634146341,3.9832052572857,0.000682184140741641,0.00398654086855935,0.00398654086855935,"TLR4/CAV1/ASS1/NQO1/CHRNA9/EDN1/KLF2/ZC3H12A/NPY/CYGB/KLF4/CYP1B1/TLR6",13
"GO:0120161","regulation of cold-induced thermogenesis","19/984","137/15777",0.138686131386861,2.2236291614741,3.70987773628993,0.000853632170199095,0.00482175399107509,0.00482175399107509,"TRPV2/TLR4/CAV1/FOXC2/PTH2R/IL4R/IL18R1/FABP5/ADRB1/IL15/LAMA4/EPAS1/ACSL1/CMKLR1/ALDH1A1/FABP4/GJA1/STAT6/NPR3",19
"GO:2001057","reactive nitrogen species metabolic process","13/984","77/15777",0.168831168831169,2.70696072220462,3.87245993981209,0.000882339546572697,0.00497774745433595,0.00497774745433595,"TLR4/CAV1/ASS1/NQO1/CHRNA9/EDN1/KLF2/ZC3H12A/NPY/CYGB/KLF4/CYP1B1/TLR6",13
"GO:0048260","positive regulation of receptor-mediated endocytosis","10/984","50/15777",0.2,3.20670731707317,4.03064605778495,0.000888490741707336,0.00500008846504597,0.00500008846504597,"SFRP4/B2M/NTF3/ANGPT1/ANXA2/SERPINE1/H1-1/GREM1/DAB2/APLNR",10
"GO:0001756","somitogenesis","6/984","20/15777",0.3,4.81006097560976,4.39721829099267,0.00105313989182033,0.0057860499514437,0.0057860499514437,"FOXB1/FOXC2/TBX18/FOXC1/CDX1/SEMA3C",6
"GO:0045109","intermediate filament organization","7/984","27/15777",0.259259259259259,4.15684281842818,4.23411287032948,0.00105857837630488,0.0057860499514437,0.0057860499514437,"KRT7/DES/DSP/TCHH/KRT17/KRT80/KRT79",7
"GO:0003143","embryonic heart tube morphogenesis","9/984","43/15777",0.209302325581395,3.35585649461146,3.98961838404535,0.00113273811607154,0.00613992489519062,0.00613992489519062,"MICAL2/GATA4/TBX2/TGFBR2/SHH/RYR2/APLNR/ENG/MEF2C",9
"GO:0035094","response to nicotine","9/984","43/15777",0.209302325581395,3.35585649461146,3.98961838404535,0.00113273811607154,0.00613992489519062,0.00613992489519062,"MMP2/B2M/HMOX1/OPRD1/CHRNA1/FOSB/EDN1/PENK/VCAM1",9
"GO:0000302","response to reactive oxygen species","21/984","162/15777",0.12962962962963,2.07842140921409,3.55830264479405,0.00114193527449245,0.0061824348668844,0.0061824348668844,"MMP2/MET/HMOX1/FOS/PDGFRA/NQO1/PRKCA/MIR21/EDN1/FBLN5/TPM1/ADAM9/KLF2/AQP1/DDR2/COL1A1/CYGB/HGF/KLF4/MAP3K5/CYP1B1",21
"GO:0033280","response to vitamin D","8/984","35/15777",0.228571428571429,3.66480836236934,4.07040778321745,0.00115565151255395,0.0062198457732052,0.0062198457732052,"CD4/SNAI2/STC2/VDR/SPP1/TGFB1/STC1/PENK",8
"GO:1903729","regulation of plasma membrane organization","5/984","14/15777",0.357142857142857,5.72626306620209,4.56278852295516,0.00116383617228686,0.0062198457732052,0.0062198457732052,"S100A10/ANXA2/GSN/SYTL4/AHNAK",5
"GO:0021915","neural tube development","11/984","61/15777",0.180327868852459,2.89129348260696,3.81698719324632,0.00123592433388018,0.00657431079234168,0.00657431079234168,"FOXB1/TGFB2/PROX1/DSP/DLC1/PRICKLE1/TGFB1/GRHL3/SEMA3C/BMP5/PAX2",11
"GO:0048511","rhythmic process","29/984","255/15777",0.113725490196078,1.82342180774749,3.41890068194513,0.00127495800957564,0.00677404930815275,0.00677404930815275,"MMP2/GPR176/GDF10/TWIST1/TGFB2/NPY5R/PROX1/PDGFRA/ASS1/KLF10/HTR7/TGFB3/KCNA2/TNFAIP6/CA12/RPE65/SIK1/SERPINF1/ADRB1/ID3/INHBA/BHLHE40/ADA/NKX2-1/KLF9/HAS2/AHR/BHLHE41/PPARG",29
"GO:0050795","regulation of behavior","12/984","71/15777",0.169014084507042,2.70989350738578,3.72420269848803,0.00136219833715768,0.00718736787374296,0.00718736787374296,"STRA6/HTR1A/KCNA2/GRPR/ADRB1/STAT3/ADA/NPY/PENK/HTR1B/NPY1R/MEF2C",12
"GO:0033688","regulation of osteoblast proliferation","6/984","21/15777",0.285714285714286,4.58101045296167,4.23506538141669,0.00139734090229667,0.00732200215623651,0.00732200215623651,"TMEM119/MIR675/FBLN5/GREM1/ITGAV/NPR3",6
"GO:0035988","chondrocyte proliferation","5/984","15/15777",0.333333333333333,5.34451219512195,4.34159049688654,0.00165673216116006,0.00853422752091933,0.00853422752091933,"SIX2/MIR21/SMAD7/STC1/DDR2",5
"GO:0071312","cellular response to alkaloid","7/984","29/15777",0.241379310344828,3.87016400336417,3.98988959714643,0.00166799665050519,0.00856325839471954,0.00856325839471954,"CASP7/SLC1A3/SLC1A1/TGM2/RYR2/HTR1B/CRHBP",7
"GO:0003014","renal system process","15/984","104/15777",0.144230769230769,2.312529315197,3.46351828174075,0.00194794979482016,0.00991130754019977,0.00991130754019977,"F2RL1/MYO5B/EDNRA/ADCY4/ADM/EDN1/TBC1D8B/PCSK5/HAS2/STC1/GSN/AQP1/PDE1C/SULF1/NPR3",15
"GO:1904646","cellular response to amyloid-beta","8/984","38/15777",0.210526315789474,3.37548138639281,3.78113977343144,0.00203400145084095,0.010326120824959,0.010326120824959,"TLR4/PRNP/CASP4/ICAM1/ITGA4/GJA1/VCAM1/TLR6",8
"GO:0046688","response to copper ion","7/984","30/15777",0.233333333333333,3.74115853658537,3.87582122730569,0.00206018993488207,0.0104242869875851,0.0104242869875851,"PRNP/PRND/MT2A/MT1F/LOXL2/AQP1/MT1E",7
"GO:0032956","regulation of actin cytoskeleton organization","33/984","312/15777",0.105769230769231,1.69585483114447,3.20176056315983,0.00208666227832377,0.0105465411276519,0.0105465411276519,"TMSB4X/SYNPO/F2RL1/S100A10/TGFB2/PROX1/RGCC/RGS4/PDGFRA/PDGFA/PDGFRB/TGFB3/PTGER4/DLC1/KANK4/SYNPO2/MIR21/EDN1/ARHGAP18/TPM1/GPR65/GRHL3/BST2/ARHGAP28/RAC2/IQGAP1/GSN/NRP1/CXCL12/FZD10/BST1/MYO3B/CAPG",33
"GO:0042063","gliogenesis","25/984","216/15777",0.115740740740741,1.85573340108401,3.26598719274356,0.00209795981797893,0.0105919121783804,0.0105919121783804,"CD9/MMP14/S100B/TGFB2/SPINT1/CUL4B/LAMB1/ANO1/TNFRSF21/IL33/CCL2/SHH/PRKCH/STAT3/TGFB1/CSF1/COL3A1/PAX2/NDRG1/MXRA8/PENK/OLIG2/NR3C1/OLIG1/CFH",25
"GO:1903909","regulation of receptor clustering","5/984","16/15777",0.3125,5.01048018292683,4.13935192011588,0.00228711605944643,0.011408084912911,0.011408084912911,"LAMB1/TNFAIP6/LAMC1/GSN/LRP4",5
"GO:0006809","nitric oxide biosynthetic process","11/984","66/15777",0.166666666666667,2.67225609756098,3.51107988734305,0.00239018567265652,0.0117678612837156,0.0117678612837156,"TLR4/CAV1/ASS1/NQO1/EDN1/KLF2/ZC3H12A/NPY/KLF4/CYP1B1/TLR6",11
"GO:0002532","production of molecular mediator involved in inflammatory response","13/984","86/15777",0.151162790697674,2.42367413499716,3.4143055086161,0.00249164395780974,0.0122146756427966,0.0122146756427966,"TLR4/HMOX1/TICAM1/MIR675/IL4R/TLR3/IL1RAP/MIR21/STAT3/SERPINE1/ZC3H12A/TLR6/SLAMF8",13
"GO:0097623","potassium ion export across plasma membrane","6/984","24/15777",0.25,4.00838414634146,3.80386543587203,0.0029517441813588,0.0142107177676388,0.0142107177676388,"KCND3/KCNA2/MIR21/KCNE5/KCNE4/KCNK18",6
"GO:0015732","prostaglandin transport","5/984","17/15777",0.294117647058824,4.71574605451937,3.95330433630122,0.00307541923686487,0.014575507162047,0.014575507162047,"SLCO1B1/EDN1/SLCO2B1/SLCO2A1/ACSL4",5
"GO:0070252","actin-mediated cell contraction","15/984","109/15777",0.137614678899083,2.20644998881181,3.25974524619234,0.00310479172907149,0.0146994496384671,0.0146994496384671,"SCN2B/KCND3/CAV1/GATA4/DSP/FGF12/KCNE5/KCNE4/TPM1/ACTA2/RYR2/STC1/GSN/GJA1/MYL1",15
"GO:0030239","myofibril assembly","10/984","59/15777",0.169491525423729,2.71754857379082,3.40882150596566,0.0032717883894401,0.0154420291720834,0.0154420291720834,"ANKRD1/MYBPC2/PROX1/MYOM1/PDGFRA/PDGFRB/EDN1/TPM1/MYL9/KRT8",10
"GO:0071300","cellular response to retinoic acid","10/984","59/15777",0.169491525423729,2.71754857379082,3.40882150596566,0.0032717883894401,0.0154420291720834,0.0154420291720834,"BRINP3/TBX1/WNT11/SERPINF1/OSR1/PAX2/AQP1/COL1A1/KLF4/FZD10",10
"GO:0046598","positive regulation of viral entry into host cell","4/984","11/15777",0.363636363636364,5.83037694013304,4.13318146589334,0.00348299735629792,0.0162208162593303,0.0162208162593303,"TMPRSS2/FURIN/TRIM38/LGALS1",4
"GO:0042755","eating behavior","6/984","25/15777",0.24,3.8480487804878,3.67550862026004,0.00368198481945617,0.0169400995120947,0.0169400995120947,"NPY5R/OPRD1/CCK/STAT3/NPY/NPY1R",6
"GO:0019233","sensory perception of pain","10/984","60/15777",0.166666666666667,2.67225609756098,3.34704426663048,0.00371167339736185,0.0170423313738023,0.0170423313738023,"KCNA2/MGLL/ANO1/KCNA1/FABP5/CCL2/CXCL12/PENK/MME/PRDM12",10
"GO:0016339","calcium-dependent cell-cell adhesion","8/984","42/15777",0.19047619047619,3.05400696864112,3.43764522066316,0.00393740127727646,0.0179165497801493,0.0179165497801493,"FXYD5/CDH1/CDH11/PCDHB5/CDH5/CDH13/PCDHGB4/CDH3",8
"GO:0045103","intermediate filament-based process","8/984","42/15777",0.19047619047619,3.05400696864112,3.43764522066316,0.00393740127727646,0.0179165497801493,0.0179165497801493,"KRT7/DES/DSP/TCHH/KRT17/KRT80/KRT18/KRT79",8
"GO:0046885","regulation of hormone biosynthetic process","5/984","18/15777",0.277777777777778,4.45376016260163,3.7812202060442,0.00404224107165684,0.0183023692966685,0.0183023692966685,"STC2/ADM/BMP5/DAB2/DKK3",5
"GO:0040008","regulation of growth","42/984","441/15777",0.0952380952380952,1.52700348432056,2.89497355426184,0.00411791863215062,0.0186265417612839,0.0186265417612839,"SMARCA2/CDH1/MMP14/TRPV2/PLCB1/WFDC1/TGFB2/PROX1/RGS4/DCSTAMP/SIX1/MSX1/EGFR/ACVRL1/POU4F2/GLI1/TBX2/EDN1/MT2A/INHBA/SPP1/TGFB1/IGF2/MT1F/KRT17/BST2/DAB2/ACSL4/RUNX1/SMAD7/SPAAR/NRP1/TNC/CXCL12/SH3BP4/MEF2C/AVPR1A/ENPP1/GJA1/IGFBP7/CPNE8/MT1E",42
"GO:0001909","leukocyte mediated cytotoxicity","13/984","91/15777",0.142857142857143,2.29050522648084,3.1841405385741,0.00412203299187428,0.0186266916583309,0.0186266916583309,"F2RL1/HLA-B/PRF1/KLRC4-KLRK1/KLRC2/KLRK1/KLRC4/HLA-E/ULBP2/KLRC3/TGFB1/ICAM1/KLRC1",13
"GO:0007611","learning or memory","20/984","169/15777",0.118343195266272,1.89745995093087,3.02519010240267,0.0043399244518455,0.0194954873998256,0.0194954873998256,"FOXB1/B2M/S100B/STRA6/PLCB1/FOS/PRKCA/PRNP/GRPR/EGFR/SERPINF1/SLC1A1/PLK2/SLC6A1/MEF2C/CRHBP/ATXN1/CALB1/MME/RASGRF1",20
"GO:0048146","positive regulation of fibroblast proliferation","7/984","34/15777",0.205882352941176,3.30102223816356,3.46405194713313,0.00437994544851104,0.0196173415377864,0.0196173415377864,"S100A6/PDGFRA/PDGFA/FN1/EGFR/AQP1/DDR2",7
"GO:0071466","cellular response to xenobiotic stimulus","18/984","147/15777",0.122448979591837,1.96329019412643,3.02624571235932,0.00462442518290985,0.0205310083023352,0.0205310083023352,"SLCO1B1/ANKRD1/SULT1A1/NQO1/AHRR/UGT2B7/EDN1/SLCO2B1/SLCO1A2/CDH13/ADA/CBR3/ACSL1/AHR/HTR1B/MEF2C/CRHBP/CYP1B1",18
"GO:0002357","defense response to tumor cell","4/984","12/15777",0.333333333333333,5.34451219512195,3.88286709485237,0.00496881348745355,0.0217219011079866,0.0217219011079866,"PRF1/ABI3/RBMS3/KLF4",4
"GO:0080154","regulation of fertilization","4/984","12/15777",0.333333333333333,5.34451219512195,3.88286709485237,0.00496881348745355,0.0217219011079866,0.0217219011079866,"PLCB1/PLAT/ZP4/PRDM9",4
"GO:0019226","transmission of nerve impulse","9/984","53/15777",0.169811320754717,2.72267602393005,3.23987232334174,0.00509592213289222,0.0221713904809534,0.0221713904809534,"CHRNA1/KCNA2/FGF12/KCNMB1/KCNA1/CACNG3/CACNG5/PENK/AVPR1A",9
"GO:0034405","response to fluid shear stress","9/984","53/15777",0.169811320754717,2.72267602393005,3.23987232334174,0.00509592213289222,0.0221713904809534,0.0221713904809534,"MMP2/ADCY4/ASS1/TGFB1/KLF2/HAS2/SMAD7/KLF4/MEF2C",9
"GO:0043043","peptide biosynthetic process","5/984","19/15777",0.263157894736842,4.21935173299101,3.62128370389039,0.00520807502109187,0.0223609166474725,0.0223609166474725,"FURIN/GGT5/SLC1A1/PCSK5/SPINK5",5
"GO:0046597","host-mediated suppression of symbiont invasion","5/984","19/15777",0.263157894736842,4.21935173299101,3.62128370389039,0.00520807502109187,0.0223609166474725,0.0223609166474725,"LRRC15/IFITM3/GSN/MID2/IFITM1",5
"GO:0034614","cellular response to reactive oxygen species","16/984","127/15777",0.125984251968504,2.01997311311696,2.97646844448866,0.00557708397967527,0.0238108618178091,0.0238108618178091,"MET/FOS/PDGFRA/NQO1/MIR21/EDN1/FBLN5/TPM1/KLF2/AQP1/DDR2/CYGB/HGF/KLF4/MAP3K5/CYP1B1",16
"GO:0016049","cell growth","38/984","399/15777",0.0952380952380952,1.52700348432056,2.74990617056383,0.00615351563447963,0.0261009715202277,0.0261009715202277,"SMARCA2/CDH1/MMP14/TRPV2/S100B/WFDC1/TGFB2/EDNRA/RGS4/GATA4/DCSTAMP/MSX1/EGFR/ACVRL1/POU4F2/EDN1/PRICKLE1/INHBA/RARG/ALCAM/SPP1/TGFB1/KRT17/BST2/DAB2/ACSL4/SMAD7/NRP1/EDN3/TNC/CXCL12/SH3BP4/ITGA4/AVPR1A/ENPP1/GJA1/IGFBP7/CPNE8",38
"GO:1905954","positive regulation of lipid localization","12/984","85/15777",0.141176470588235,2.2635581061693,3.01254401389779,0.00630469760379381,0.0267174000591597,0.0267174000591597,"IKBKE/CAV1/ANXA2/C1QTNF1/EDN1/SPP1/ABCA8/ZC3H12A/DAB2/ACSL1/APOB/PPARG",12
"GO:0140962","multicellular organismal-level chemical homeostasis","9/984","55/15777",0.163636363636364,2.62366962305987,3.11094966129335,0.00654342033572314,0.0276061428497814,0.0276061428497814,"CYBRD1/HMOX1/MYO5B/ADCY4/ADGRF5/RCN3/OAS1/HAS2/AQP1",9
"GO:0035728","response to hepatocyte growth factor","4/984","13/15777",0.307692307692308,4.93339587242026,3.65909757030113,0.00682675123978557,0.028019148074084,0.028019148074084,"ADAMTS12/NRP1/HGF/CRIPTO",4
"GO:0043252","sodium-independent organic anion transport","4/984","13/15777",0.307692307692308,4.93339587242026,3.65909757030113,0.00682675123978557,0.028019148074084,0.028019148074084,"SLCO1B1/SLCO2B1/SLCO1A2/SLCO2A1",4
"GO:0071360","cellular response to exogenous dsRNA","4/984","13/15777",0.307692307692308,4.93339587242026,3.65909757030113,0.00682675123978557,0.028019148074084,0.028019148074084,"OAS3/OAS1/STING1/IFIH1",4
"GO:1901299","negative regulation of hydrogen peroxide-mediated programmed cell death","4/984","13/15777",0.307692307692308,4.93339587242026,3.65909757030113,0.00682675123978557,0.028019148074084,0.028019148074084,"MET/MIR21/DDR2/HGF",4
"GO:2000644","regulation of receptor catabolic process","4/984","13/15777",0.307692307692308,4.93339587242026,3.65909757030113,0.00682675123978557,0.028019148074084,0.028019148074084,"DTX3L/FURIN/ANXA2/PCSK5",4
"GO:0089718","amino acid import across plasma membrane","8/984","46/15777",0.173913043478261,2.78844114528102,3.13287648150599,0.00698763264272164,0.0286022918218669,0.0286022918218669,"SLC7A7/RGS4/SLC6A20/SLC1A3/ITGB1/SLC1A1/SLC7A8/SLC38A5",8
"GO:0043149","stress fiber assembly","13/984","97/15777",0.134020618556701,2.14882449082223,2.92707865478088,0.0071139563096059,0.0289330391286822,0.0289330391286822,"PDLIM1/SYNPO/S100A10/RGCC/TGFB3/PTGER4/DLC1/MIR21/TPM1/MYL9/GPR65/ARHGAP28/NRP1",13
"GO:2000242","negative regulation of reproductive process","7/984","37/15777",0.189189189189189,3.03337178642057,3.19361942158405,0.00712548991687966,0.0289330391286822,0.0289330391286822,"ARHGDIB/PLAT/ZP4/TIMP1/ACVR1C/GJA1/SULF1",7
"GO:0034762","regulation of transmembrane transport","32/984","326/15777",0.098159509202454,1.5738440819991,2.70017729022174,0.00740311393840006,0.0300069378462326,0.0300069378462326,"FXYD5/CD4/MMP9/EDNRA/CAV1/RGS4/CTSS/PRNP/FGF12/VMP1/POU4F2/MIR21/EDN1/KCNE5/ITGB1/KCNG1/CXCL11/OSR1/TGFB1/CACNG3/PRKCB/RYR2/FGF19/LRRC55/ACSL1/CACNG5/APLNR/UBASH3B/CRHBP/ENPP1/STOM/CNIH3",32
"GO:1902074","response to salt","5/984","21/15777",0.238095238095238,3.81750871080139,3.33211359187358,0.00821671355227165,0.0330697360251921,0.0330697360251921,"RUNX2/EDN1/TGFB1/ZC3H12A/DAB2",5
"GO:0098771","inorganic ion homeostasis","33/984","342/15777",0.0964912280701754,1.54709563543004,2.63809758057896,0.00846972000688088,0.0337605258614885,0.0337605258614885,"FXYD5/SFRP4/B2M/SLC39A4/CCR1/NT5E/CYBRD1/HMOX1/CDH5/EDNRA/CAV1/CALB2/STC2/PRNP/CA12/CP/KCNA1/EDN1/PKHD1/SLC1A1/MT2A/MT1F/TGM2/RYR2/NPY/STC1/EDN3/CXCL12/ENPP1/CD40/CAV2/CALB1/MT1E",33
"GO:0015816","glycine transport","4/984","14/15777",0.285714285714286,4.58101045296167,3.45714852653894,0.00909191726678506,0.0357104220358064,0.0357104220358064,"RGS4/SLC6A20/SLC7A8/SLC38A5",4
"GO:0034349","glial cell apoptotic process","4/984","14/15777",0.285714285714286,4.58101045296167,3.45714852653894,0.00909191726678506,0.0357104220358064,0.0357104220358064,"PRKCA/TNFRSF21/CCL2/PRKCH",4
"GO:0072537","fibroblast activation","4/984","14/15777",0.285714285714286,4.58101045296167,3.45714852653894,0.00909191726678506,0.0357104220358064,0.0357104220358064,"RGCC/ACTA2/DDR2/CYGB",4
"GO:0050860","negative regulation of T cell receptor signaling pathway","6/984","30/15777",0.2,3.20670731707317,3.1201417020619,0.00946394097047314,0.0369174586232815,0.0369174586232815,"PRNP/GBP1/LGALS3/PDCD1LG2/CD274/UBASH3A",6
"GO:1903077","negative regulation of protein localization to plasma membrane","6/984","30/15777",0.2,3.20670731707317,3.1201417020619,0.00946394097047314,0.0369174586232815,0.0369174586232815,"GBP1/TMBIM1/LRRC15/ABI3/TGFB1/DAB2",6
"GO:0008347","glial cell migration","7/984","39/15777",0.17948717948718,2.87781425891182,3.02815453692509,0.00955569033003883,0.0370851791380078,0.0370851791380078,"CD9/MMP14/TGFB2/LAMB1/CCL2/CSF1/COL3A1",7
"GO:0045682","regulation of epidermis development","7/984","39/15777",0.17948717948718,2.87781425891182,3.02815453692509,0.00955569033003883,0.0370851791380078,0.0370851791380078,"SFRP4/ESRP1/VDR/FOXC1/PRKCH/GDF3/BMP4",7
"GO:0035313","wound healing, spreading of epidermal cells","5/984","22/15777",0.227272727272727,3.64398558758315,3.20058296593935,0.0100977872356617,0.0388258643163944,0.0388258643163944,"ACVRL1/ITGB1/ITGAV/FERMT1/ITGA5",5
"GO:0072376","protein activation cascade","5/984","22/15777",0.227272727272727,3.64398558758315,3.20058296593935,0.0100977872356617,0.0388258643163944,0.0388258643163944,"MVP/FN1/F3/THBD/F13A1",5
"GO:2000209","regulation of anoikis","5/984","22/15777",0.227272727272727,3.64398558758315,3.20058296593935,0.0100977872356617,0.0388258643163944,0.0388258643163944,"CAV1/SNAI2/SIK1/ITGB1/ITGA5",5
"GO:0030330","DNA damage response, signal transduction by p53 class mediator","10/984","69/15777",0.144927536231884,2.32370095440085,2.84198545190531,0.010116215428748,0.0388639791387255,0.0388639791387255,"ANKRD1/TWIST1/SNAI2/MSX1/CD44/PMAIP1/PLK2/NDRG1/BCL3/SP100",10
"GO:0002437","inflammatory response to antigenic stimulus","8/984","49/15777",0.163265306122449,2.61772025883524,2.92504521262458,0.0102483456128873,0.0392065795282628,0.0392065795282628,"NLRP6/NPY5R/FURIN/RHBDF2/HLA-E/PLK2/GATA3/NPY",8
"GO:0030212","hyaluronan metabolic process","6/984","31/15777",0.193548387096774,3.10326514555468,3.02313553175081,0.0111304831544266,0.0421922966086402,0.0421922966086402,"LYVE1/TNFAIP6/CD44/TGFB1/ITIH5/HAS2",6
"GO:0086011","membrane repolarization during action potential","6/984","31/15777",0.193548387096774,3.10326514555468,3.02313553175081,0.0111304831544266,0.0421922966086402,0.0421922966086402,"SCN2B/KCND3/CAV1/KCNA1/KCNE5/KCNE4",6
"GO:0008360","regulation of cell shape","14/984","114/15777",0.12280701754386,1.96903080872914,2.67806063635739,0.0113751118282084,0.043012436109315,0.043012436109315,"KDR/S100B/PALMD/FGD5/PLXND1/FN1/MIR21/CCL2/SEMA3E/ARHGAP18/TPM1/SYNE3/ANXA1/RAC2",14
"GO:0051492","regulation of stress fiber assembly","11/984","81/15777",0.135802469135802,2.17739385727191,2.73991852987588,0.0115740152378562,0.0436560376409715,0.0436560376409716,"SYNPO/S100A10/RGCC/TGFB3/PTGER4/DLC1/MIR21/TPM1/GPR65/ARHGAP28/NRP1",11
"GO:0098664","G protein-coupled serotonin receptor signaling pathway","4/984","15/15777",0.266666666666667,4.27560975609756,3.27340689814379,0.0117956209415578,0.0442360016247081,0.0442360016247081,"HTR1E/HTR1A/HTR7/HTR1B",4
"GO:0006509","membrane protein ectodomain proteolysis","7/984","41/15777",0.170731707317073,2.73743307555027,2.87290132238398,0.0125412663338753,0.0463093362037272,0.0463093362037272,"ADAM19/FURIN/BACE2/ADAM9/TIMP1/TIMP3/MMP7",7
"GO:0035023","regulation of Rho protein signal transduction","11/984","82/15777",0.134146341463415,2.15084027364664,2.69469233597356,0.0126378312253217,0.0465905183460163,0.0465905183460163,"F2RL1/ARHGDIB/DOCK9/STARD8/DLC1/SYNPO2/MIR21/ARHGEF28/COL3A1/NRP1/DOCK10",11
"GO:0046622","positive regulation of organ growth","6/984","32/15777",0.1875,3.0062881097561,2.92998114356919,0.0129940977089199,0.0475581892089097,0.0475581892089097,"PROX1/GLI1/TBX2/EDN1/IGF2/MEF2C",6
"GO:0006081","aldehyde metabolic process","10/984","72/15777",0.138888888888889,2.22688008130081,2.69102209045451,0.0134980357934382,0.0493234870786647,0.0493234870786647,"PCK1/ALDH1A3/ABCA4/RPE65/BMP5/DAB2/ALDH1L2/ALDH1A1/CYP1B1/DKK3",10
